           1  0.50000000000000000       -4.9999999999994493E-004
           2  0.50000000000000000       -1.4999999999999450E-003
           3  0.50000000000000000       -2.4999999999999450E-003
           4  0.50000000000000000       -3.4999999999999450E-003
           5  0.50000000000000000       -4.4999999999999450E-003
           6  0.50000000000000000       -5.4999999999999450E-003
           7  0.50000000000000000       -6.4999999999999451E-003
           8  0.50000000000000000       -7.4999999999999451E-003
           9  0.50000000000000000       -8.4999999999999451E-003
          10  0.50000000000000000       -9.4999999999999460E-003
          11  0.50000000000000000       -1.0499999999999947E-002
          12  0.50000000000000000       -1.1499999999999948E-002
          13  0.50000000000000000       -1.2499999999999949E-002
          14  0.50000000000000000       -1.3499999999999950E-002
          15  0.50000000000000000       -1.4499999999999950E-002
          16  0.50000000000000000       -1.5499999999999951E-002
          17  0.50000000000000000       -1.6499999999999952E-002
          18  0.50000000000000000       -1.7499999999999953E-002
          19  0.50000000000000000       -1.8499999999999954E-002
          20  0.50000000000000000       -1.9499999999999955E-002
          21  0.50000000000000000       -2.0499999999999956E-002
          22  0.50000000000000000       -2.1499999999999957E-002
          23  0.50000000000000000       -2.2499999999999958E-002
          24  0.50000000000000000       -2.3499999999999958E-002
          25  0.50000000000000000       -2.4499999999999959E-002
          26  0.50000000000000000       -2.5499999999999960E-002
          27  0.50000000000000000       -2.6499999999999961E-002
          28  0.50000000000000000       -2.7499999999999962E-002
          29  0.50000000000000000       -2.8499999999999963E-002
          30  0.50000000000000000       -2.9499999999999964E-002
          31  0.50000000000000000       -3.0499999999999965E-002
          32  0.50000000000000000       -3.1499999999999966E-002
          33  0.50000000000000000       -3.2499999999999966E-002
          34  0.50000000000000000       -3.3499999999999967E-002
          35  0.50000000000000000       -3.4499999999999968E-002
          36  0.50000000000000000       -3.5499999999999969E-002
          37  0.50000000000000000       -3.6499999999999970E-002
          38  0.50000000000000000       -3.7499999999999971E-002
          39  0.50000000000000000       -3.8499999999999972E-002
          40  0.50000000000000000       -3.9499999999999973E-002
          41  0.50000000000000000       -4.0499999999999974E-002
          42  0.50000000000000000       -4.1499999999999974E-002
          43  0.50000000000000000       -4.2499999999999975E-002
          44  0.50000000000000000       -4.3499999999999976E-002
          45  0.50000000000000000       -4.4499999999999977E-002
          46  0.50000000000000000       -4.5499999999999978E-002
          47  0.50000000000000000       -4.6499999999999979E-002
          48  0.50000000000000000       -4.7499999999999980E-002
          49  0.50000000000000000       -4.8499999999999981E-002
          50  0.50000000000000000       -4.9499999999999982E-002
          51  0.50000000000000000       -5.0499999999999982E-002
          52  0.50000000000000000       -5.1499999999999983E-002
          53  0.50000000000000000       -5.2499999999999984E-002
          54  0.50000000000000000       -5.3499999999999985E-002
          55  0.50000000000000000       -5.4499999999999986E-002
          56  0.50000000000000000       -5.5499999999999987E-002
          57  0.50000000000000000       -5.6499999999999988E-002
          58  0.50000000000000000       -5.7499999999999989E-002
          59  0.50000000000000000       -5.8499999999999990E-002
          60  0.50000000000000000       -5.9499999999999990E-002
          61  0.50000000000000000       -6.0499999999999991E-002
          62  0.50000000000000000       -6.1499999999999992E-002
          63  0.50000000000000000       -6.2499999999999993E-002
          64  0.50000000000000000       -6.3499999999999987E-002
          65  0.50000000000000000       -6.4499999999999988E-002
          66  0.50000000000000000       -6.5499999999999989E-002
          67  0.50000000000000000       -6.6499999999999990E-002
          68  0.50000000000000000       -6.7499999999999991E-002
          69  0.50000000000000000       -6.8499999999999991E-002
          70  0.50000000000000000       -6.9499999999999992E-002
          71  0.50000000000000000       -7.0499999999999993E-002
          72  0.50000000000000000       -7.1499999999999994E-002
          73  0.50000000000000000       -7.2499999999999995E-002
          74  0.50000000000000000       -7.3499999999999996E-002
          75  0.50000000000000000       -7.4499999999999997E-002
          76  0.50000000000000000       -7.5499999999999998E-002
          77  0.50000000000000000       -7.6499999999999999E-002
          78  0.50000000000000000       -7.7499999999999999E-002
          79  0.50000000000000000       -7.8500000000000000E-002
          80  0.50000000000000000       -7.9500000000000001E-002
          81  0.50000000000000000       -8.0500000000000002E-002
          82  0.50000000000000000       -8.1500000000000003E-002
          83  0.50000000000000000       -8.2500000000000004E-002
          84  0.50000000000000000       -8.3500000000000005E-002
          85  0.50000000000000000       -8.4500000000000006E-002
          86  0.50000000000000000       -8.5500000000000007E-002
          87  0.50000000000000000       -8.6500000000000007E-002
          88  0.50000000000000000       -8.7500000000000008E-002
          89  0.50000000000000000       -8.8500000000000009E-002
          90  0.50000000000000000       -8.9500000000000010E-002
          91  0.50000000000000000       -9.0500000000000011E-002
          92  0.50000000000000000       -9.1500000000000012E-002
          93  0.50000000000000000       -9.2500000000000013E-002
          94  0.50000000000000000       -9.3500000000000014E-002
          95  0.50000000000000000       -9.4500000000000015E-002
          96  0.50000000000000000       -9.5500000000000015E-002
          97  0.50000000000000000       -9.6500000000000016E-002
          98  0.50000000000000000       -9.7500000000000017E-002
          99  0.50000000000000000       -9.8500000000000018E-002
         100  0.50000000000000000       -9.9500000000000019E-002
         101  0.50000000000000000      -0.10050000000000002     
         102  0.50000000000000000      -0.10150000000000002     
         103  0.50000000000000000      -0.10250000000000002     
         104  0.50000000000000000      -0.10350000000000002     
         105  0.50000000000000000      -0.10450000000000002     
         106  0.50000000000000000      -0.10550000000000002     
         107  0.50000000000000000      -0.10650000000000003     
         108  0.50000000000000000      -0.10750000000000003     
         109  0.50000000000000000      -0.10850000000000003     
         110  0.50000000000000000      -0.10950000000000003     
         111  0.50000000000000000      -0.11050000000000003     
         112  0.50000000000000000      -0.11150000000000003     
         113  0.50000000000000000      -0.11250000000000003     
         114  0.50000000000000000      -0.11350000000000003     
         115  0.50000000000000000      -0.11450000000000003     
         116  0.50000000000000000      -0.11550000000000003     
         117  0.50000000000000000      -0.11650000000000003     
         118  0.50000000000000000      -0.11750000000000003     
         119  0.50000000000000000      -0.11850000000000004     
         120  0.50000000000000000      -0.11950000000000004     
         121  0.50000000000000000      -0.12050000000000004     
         122  0.50000000000000000      -0.12150000000000004     
         123  0.50000000000000000      -0.12250000000000004     
         124  0.50000000000000000      -0.12350000000000004     
         125  0.50000000000000000      -0.12450000000000004     
         126  0.50000000000000000      -0.12550000000000003     
         127  0.50000000000000000      -0.12650000000000003     
         128  0.50000000000000000      -0.12750000000000003     
         129  0.50000000000000000      -0.12850000000000003     
         130  0.50000000000000000      -0.12950000000000003     
         131  0.50000000000000000      -0.13050000000000003     
         132  0.50000000000000000      -0.13150000000000003     
         133  0.50000000000000000      -0.13250000000000003     
         134  0.50000000000000000      -0.13350000000000004     
         135  0.50000000000000000      -0.13450000000000004     
         136  0.50000000000000000      -0.13550000000000004     
         137  0.50000000000000000      -0.13650000000000004     
         138  0.50000000000000000      -0.13750000000000004     
         139  0.50000000000000000      -0.13850000000000004     
         140  0.50000000000000000      -0.13950000000000004     
         141  0.50000000000000000      -0.14050000000000004     
         142  0.50000000000000000      -0.14150000000000004     
         143  0.50000000000000000      -0.14250000000000004     
         144  0.50000000000000000      -0.14350000000000004     
         145  0.50000000000000000      -0.14450000000000005     
         146  0.50000000000000000      -0.14550000000000005     
         147  0.50000000000000000      -0.14650000000000005     
         148  0.50000000000000000      -0.14750000000000005     
         149  0.50000000000000000      -0.14850000000000005     
         150  0.50000000000000000      -0.14950000000000005     
         151  0.50000000000000000      -0.15050000000000005     
         152  0.50000000000000000      -0.15150000000000005     
         153  0.50000000000000000      -0.15250000000000005     
         154  0.50000000000000000      -0.15350000000000005     
         155  0.50000000000000000      -0.15450000000000005     
         156  0.50000000000000000      -0.15550000000000005     
         157  0.50000000000000000      -0.15650000000000006     
         158  0.50000000000000000      -0.15750000000000006     
         159  0.50000000000000000      -0.15850000000000006     
         160  0.50000000000000000      -0.15950000000000006     
         161  0.50000000000000000      -0.16050000000000006     
         162  0.50000000000000000      -0.16150000000000006     
         163  0.50000000000000000      -0.16250000000000006     
         164  0.50000000000000000      -0.16350000000000006     
         165  0.50000000000000000      -0.16450000000000006     
         166  0.50000000000000000      -0.16550000000000006     
         167  0.50000000000000000      -0.16650000000000006     
         168  0.50000000000000000      -0.16750000000000007     
         169  0.50000000000000000      -0.16850000000000007     
         170  0.50000000000000000      -0.16950000000000007     
         171  0.50000000000000000      -0.17050000000000007     
         172  0.50000000000000000      -0.17150000000000007     
         173  0.50000000000000000      -0.17250000000000007     
         174  0.50000000000000000      -0.17350000000000007     
         175  0.50000000000000000      -0.17450000000000007     
         176  0.50000000000000000      -0.17550000000000007     
         177  0.50000000000000000      -0.17650000000000007     
         178  0.50000000000000000      -0.17750000000000007     
         179  0.50000000000000000      -0.17850000000000008     
         180  0.50000000000000000      -0.17950000000000008     
         181  0.50000000000000000      -0.18050000000000008     
         182  0.50000000000000000      -0.18150000000000008     
         183  0.50000000000000000      -0.18250000000000008     
         184  0.50000000000000000      -0.18350000000000008     
         185  0.50000000000000000      -0.18450000000000008     
         186  0.50000000000000000      -0.18550000000000008     
         187  0.50000000000000000      -0.18650000000000008     
         188  0.50000000000000000      -0.18750000000000008     
         189  0.50000000000000000      -0.18850000000000008     
         190  0.50000000000000000      -0.18950000000000009     
         191  0.50000000000000000      -0.19050000000000009     
         192  0.50000000000000000      -0.19150000000000009     
         193  0.50000000000000000      -0.19250000000000009     
         194  0.50000000000000000      -0.19350000000000009     
         195  0.50000000000000000      -0.19450000000000009     
         196  0.50000000000000000      -0.19550000000000009     
         197  0.50000000000000000      -0.19650000000000009     
         198  0.50000000000000000      -0.19750000000000009     
         199  0.50000000000000000      -0.19850000000000009     
         200  0.50000000000000000      -0.19950000000000009     
         201  0.50000000000000000      -0.20050000000000009     
         202  0.50000000000000000      -0.20150000000000010     
         203  0.50000000000000000      -0.20250000000000010     
         204  0.50000000000000000      -0.20350000000000010     
         205  0.50000000000000000      -0.20450000000000010     
         206  0.50000000000000000      -0.20550000000000010     
         207  0.50000000000000000      -0.20650000000000010     
         208  0.50000000000000000      -0.20750000000000010     
         209  0.50000000000000000      -0.20850000000000010     
         210  0.50000000000000000      -0.20950000000000010     
         211  0.50000000000000000      -0.21050000000000010     
         212  0.50000000000000000      -0.21150000000000010     
         213  0.50000000000000000      -0.21250000000000011     
         214  0.50000000000000000      -0.21350000000000011     
         215  0.50000000000000000      -0.21450000000000011     
         216  0.50000000000000000      -0.21550000000000011     
         217  0.50000000000000000      -0.21650000000000011     
         218  0.50000000000000000      -0.21750000000000011     
         219  0.50000000000000000      -0.21850000000000011     
         220  0.50000000000000000      -0.21950000000000011     
         221  0.50000000000000000      -0.22050000000000011     
         222  0.50000000000000000      -0.22150000000000011     
         223  0.50000000000000000      -0.22250000000000011     
         224  0.50000000000000000      -0.22350000000000012     
         225  0.50000000000000000      -0.22450000000000012     
         226  0.50000000000000000      -0.22550000000000012     
         227  0.50000000000000000      -0.22650000000000012     
         228  0.50000000000000000      -0.22750000000000012     
         229  0.50000000000000000      -0.22850000000000012     
         230  0.50000000000000000      -0.22950000000000012     
         231  0.50000000000000000      -0.23050000000000012     
         232  0.50000000000000000      -0.23150000000000012     
         233  0.50000000000000000      -0.23250000000000012     
         234  0.50000000000000000      -0.23350000000000012     
         235  0.50000000000000000      -0.23450000000000013     
         236  0.50000000000000000      -0.23550000000000013     
         237  0.50000000000000000      -0.23650000000000013     
         238  0.50000000000000000      -0.23750000000000013     
         239  0.50000000000000000      -0.23850000000000013     
         240  0.50000000000000000      -0.23950000000000013     
         241  0.50000000000000000      -0.24050000000000013     
         242  0.50000000000000000      -0.24150000000000013     
         243  0.50000000000000000      -0.24250000000000013     
         244  0.50000000000000000      -0.24350000000000013     
         245  0.50000000000000000      -0.24450000000000013     
         246  0.50000000000000000      -0.24550000000000013     
         247  0.50000000000000000      -0.24650000000000014     
         248  0.50000000000000000      -0.24750000000000014     
         249  0.50000000000000000      -0.24850000000000014     
         250  0.50000000000000000      -0.24950000000000014     
         251  0.50000000000000000      -0.25050000000000011     
         252  0.50000000000000000      -0.25150000000000011     
         253  0.50000000000000000      -0.25250000000000011     
         254  0.50000000000000000      -0.25350000000000011     
         255  0.50000000000000000      -0.25450000000000012     
         256  0.50000000000000000      -0.25550000000000012     
         257  0.50000000000000000      -0.25650000000000012     
         258  0.50000000000000000      -0.25750000000000012     
         259  0.50000000000000000      -0.25850000000000012     
         260  0.50000000000000000      -0.25950000000000012     
         261  0.50000000000000000      -0.26050000000000012     
         262  0.50000000000000000      -0.26150000000000012     
         263  0.50000000000000000      -0.26250000000000012     
         264  0.50000000000000000      -0.26350000000000012     
         265  0.50000000000000000      -0.26450000000000012     
         266  0.50000000000000000      -0.26550000000000012     
         267  0.50000000000000000      -0.26650000000000013     
         268  0.50000000000000000      -0.26750000000000013     
         269  0.50000000000000000      -0.26850000000000013     
         270  0.50000000000000000      -0.26950000000000013     
         271  0.50000000000000000      -0.27050000000000013     
         272  0.50000000000000000      -0.27150000000000013     
         273  0.50000000000000000      -0.27250000000000013     
         274  0.50000000000000000      -0.27350000000000013     
         275  0.50000000000000000      -0.27450000000000013     
         276  0.50000000000000000      -0.27550000000000013     
         277  0.50000000000000000      -0.27650000000000013     
         278  0.50000000000000000      -0.27750000000000014     
         279  0.50000000000000000      -0.27850000000000014     
         280  0.50000000000000000      -0.27950000000000014     
         281  0.50000000000000000      -0.28050000000000014     
         282  0.50000000000000000      -0.28150000000000014     
         283  0.50000000000000000      -0.28250000000000014     
         284  0.50000000000000000      -0.28350000000000014     
         285  0.50000000000000000      -0.28450000000000014     
         286  0.50000000000000000      -0.28550000000000014     
         287  0.50000000000000000      -0.28650000000000014     
         288  0.50000000000000000      -0.28750000000000014     
         289  0.50000000000000000      -0.28850000000000015     
         290  0.50000000000000000      -0.28950000000000015     
         291  0.50000000000000000      -0.29050000000000015     
         292  0.50000000000000000      -0.29150000000000015     
         293  0.50000000000000000      -0.29250000000000015     
         294  0.50000000000000000      -0.29350000000000015     
         295  0.50000000000000000      -0.29450000000000015     
         296  0.50000000000000000      -0.29550000000000015     
         297  0.50000000000000000      -0.29650000000000015     
         298  0.50000000000000000      -0.29750000000000015     
         299  0.50000000000000000      -0.29850000000000015     
         300  0.50000000000000000      -0.29950000000000015     
         301  0.50000000000000000      -0.30050000000000016     
         302  0.50000000000000000      -0.30150000000000016     
         303  0.50000000000000000      -0.30250000000000016     
         304  0.50000000000000000      -0.30350000000000016     
         305  0.50000000000000000      -0.30450000000000016     
         306  0.50000000000000000      -0.30550000000000016     
         307  0.50000000000000000      -0.30650000000000016     
         308  0.50000000000000000      -0.30750000000000016     
         309  0.50000000000000000      -0.30850000000000016     
         310  0.50000000000000000      -0.30950000000000016     
         311  0.50000000000000000      -0.31050000000000016     
         312  0.50000000000000000      -0.31150000000000017     
         313  0.50000000000000000      -0.31250000000000017     
         314  0.50000000000000000      -0.31350000000000017     
         315  0.50000000000000000      -0.31450000000000017     
         316  0.50000000000000000      -0.31550000000000017     
         317  0.50000000000000000      -0.31650000000000017     
         318  0.50000000000000000      -0.31750000000000017     
         319  0.50000000000000000      -0.31850000000000017     
         320  0.50000000000000000      -0.31950000000000017     
         321  0.50000000000000000      -0.32050000000000017     
         322  0.50000000000000000      -0.32150000000000017     
         323  0.50000000000000000      -0.32250000000000018     
         324  0.50000000000000000      -0.32350000000000018     
         325  0.50000000000000000      -0.32450000000000018     
         326  0.50000000000000000      -0.32550000000000018     
         327  0.50000000000000000      -0.32650000000000018     
         328  0.50000000000000000      -0.32750000000000018     
         329  0.50000000000000000      -0.32850000000000018     
         330  0.50000000000000000      -0.32950000000000018     
         331  0.50000000000000000      -0.33050000000000018     
         332  0.50000000000000000      -0.33150000000000018     
         333  0.50000000000000000      -0.33250000000000018     
         334  0.50000000000000000      -0.33350000000000019     
         335  0.50000000000000000      -0.33450000000000019     
         336  0.50000000000000000      -0.33550000000000019     
         337  0.50000000000000000      -0.33650000000000019     
         338  0.50000000000000000      -0.33750000000000019     
         339  0.50000000000000000      -0.33850000000000019     
         340  0.50000000000000000      -0.33950000000000019     
         341  0.50000000000000000      -0.34050000000000019     
         342  0.50000000000000000      -0.34150000000000019     
         343  0.50000000000000000      -0.34250000000000019     
         344  0.50000000000000000      -0.34350000000000019     
         345  0.50000000000000000      -0.34450000000000019     
         346  0.50000000000000000      -0.34550000000000020     
         347  0.50000000000000000      -0.34650000000000020     
         348  0.50000000000000000      -0.34750000000000020     
         349  0.50000000000000000      -0.34850000000000020     
         350  0.50000000000000000      -0.34950000000000020     
         351  0.50000000000000000      -0.35050000000000020     
         352  0.50000000000000000      -0.35150000000000020     
         353  0.50000000000000000      -0.35250000000000020     
         354  0.50000000000000000      -0.35350000000000020     
         355  0.50000000000000000      -0.35450000000000020     
         356  0.50000000000000000      -0.35550000000000020     
         357  0.50000000000000000      -0.35650000000000021     
         358  0.50000000000000000      -0.35750000000000021     
         359  0.50000000000000000      -0.35850000000000021     
         360  0.50000000000000000      -0.35950000000000021     
         361  0.50000000000000000      -0.36050000000000021     
         362  0.50000000000000000      -0.36150000000000021     
         363  0.50000000000000000      -0.36250000000000021     
         364  0.50000000000000000      -0.36350000000000021     
         365  0.50000000000000000      -0.36450000000000021     
         366  0.50000000000000000      -0.36550000000000021     
         367  0.50000000000000000      -0.36650000000000021     
         368  0.50000000000000000      -0.36750000000000022     
         369  0.50000000000000000      -0.36850000000000022     
         370  0.50000000000000000      -0.36950000000000022     
         371  0.50000000000000000      -0.37050000000000022     
         372  0.50000000000000000      -0.37150000000000022     
         373  0.50000000000000000      -0.37250000000000022     
         374  0.50000000000000000      -0.37350000000000022     
         375  0.50000000000000000      -0.37450000000000022     
         376  0.50000000000000000      -0.37550000000000022     
         377  0.50000000000000000      -0.37650000000000022     
         378  0.50000000000000000      -0.37750000000000022     
         379  0.50000000000000000      -0.37850000000000023     
         380  0.50000000000000000      -0.37950000000000023     
         381  0.50000000000000000      -0.38050000000000023     
         382  0.50000000000000000      -0.38150000000000023     
         383  0.50000000000000000      -0.38250000000000023     
         384  0.50000000000000000      -0.38350000000000023     
         385  0.50000000000000000      -0.38450000000000023     
         386  0.50000000000000000      -0.38550000000000023     
         387  0.50000000000000000      -0.38650000000000023     
         388  0.50000000000000000      -0.38750000000000023     
         389  0.50000000000000000      -0.38850000000000023     
         390  0.50000000000000000      -0.38950000000000023     
         391  0.50000000000000000      -0.39050000000000024     
         392  0.50000000000000000      -0.39150000000000024     
         393  0.50000000000000000      -0.39250000000000024     
         394  0.50000000000000000      -0.39350000000000024     
         395  0.50000000000000000      -0.39450000000000024     
         396  0.50000000000000000      -0.39550000000000024     
         397  0.50000000000000000      -0.39650000000000024     
         398  0.50000000000000000      -0.39750000000000024     
         399  0.50000000000000000      -0.39850000000000024     
         400  0.50000000000000000      -0.39950000000000024     
         401  0.50000000000000000      -0.40050000000000024     
         402  0.50000000000000000      -0.40150000000000025     
         403  0.50000000000000000      -0.40250000000000025     
         404  0.50000000000000000      -0.40350000000000025     
         405  0.50000000000000000      -0.40450000000000025     
         406  0.50000000000000000      -0.40550000000000025     
         407  0.50000000000000000      -0.40650000000000025     
         408  0.50000000000000000      -0.40750000000000025     
         409  0.50000000000000000      -0.40850000000000025     
         410  0.50000000000000000      -0.40950000000000025     
         411  0.50000000000000000      -0.41050000000000025     
         412  0.50000000000000000      -0.41150000000000025     
         413  0.50000000000000000      -0.41250000000000026     
         414  0.50000000000000000      -0.41350000000000026     
         415  0.50000000000000000      -0.41450000000000026     
         416  0.50000000000000000      -0.41550000000000026     
         417  0.50000000000000000      -0.41650000000000026     
         418  0.50000000000000000      -0.41750000000000026     
         419  0.50000000000000000      -0.41850000000000026     
         420  0.50000000000000000      -0.41950000000000026     
         421  0.50000000000000000      -0.42050000000000026     
         422  0.50000000000000000      -0.42150000000000026     
         423  0.50000000000000000      -0.42250000000000026     
         424  0.50000000000000000      -0.42350000000000027     
         425  0.50000000000000000      -0.42450000000000027     
         426  0.50000000000000000      -0.42550000000000027     
         427  0.50000000000000000      -0.42650000000000027     
         428  0.50000000000000000      -0.42750000000000027     
         429  0.50000000000000000      -0.42850000000000027     
         430  0.50000000000000000      -0.42950000000000027     
         431  0.50000000000000000      -0.43050000000000027     
         432  0.50000000000000000      -0.43150000000000027     
         433  0.50000000000000000      -0.43250000000000027     
         434  0.50000000000000000      -0.43350000000000027     
         435  0.50000000000000000      -0.43450000000000027     
         436  0.50000000000000000      -0.43550000000000028     
         437  0.50000000000000000      -0.43650000000000028     
         438  0.50000000000000000      -0.43750000000000028     
         439  0.50000000000000000      -0.43850000000000028     
         440  0.50000000000000000      -0.43950000000000028     
         441  0.50000000000000000      -0.44050000000000028     
         442  0.50000000000000000      -0.44150000000000028     
         443  0.50000000000000000      -0.44250000000000028     
         444  0.50000000000000000      -0.44350000000000028     
         445  0.50000000000000000      -0.44450000000000028     
         446  0.50000000000000000      -0.44550000000000028     
         447  0.50000000000000000      -0.44650000000000029     
         448  0.50000000000000000      -0.44750000000000029     
         449  0.50000000000000000      -0.44850000000000029     
         450  0.50000000000000000      -0.44950000000000029     
         451  0.50000000000000000      -0.45050000000000029     
         452  0.50000000000000000      -0.45150000000000029     
         453  0.50000000000000000      -0.45250000000000029     
         454  0.50000000000000000      -0.45350000000000029     
         455  0.50000000000000000      -0.45450000000000029     
         456  0.50000000000000000      -0.45550000000000029     
         457  0.50000000000000000      -0.45650000000000029     
         458  0.50000000000000000      -0.45750000000000030     
         459  0.50000000000000000      -0.45850000000000030     
         460  0.50000000000000000      -0.45950000000000030     
         461  0.50000000000000000      -0.46050000000000030     
         462  0.50000000000000000      -0.46150000000000030     
         463  0.50000000000000000      -0.46250000000000030     
         464  0.50000000000000000      -0.46350000000000030     
         465  0.50000000000000000      -0.46450000000000030     
         466  0.50000000000000000      -0.46550000000000030     
         467  0.50000000000000000      -0.46650000000000030     
         468  0.50000000000000000      -0.46750000000000030     
         469  0.50000000000000000      -0.46850000000000031     
         470  0.50000000000000000      -0.46950000000000031     
         471  0.50000000000000000      -0.47050000000000031     
         472  0.50000000000000000      -0.47150000000000031     
         473  0.50000000000000000      -0.47250000000000031     
         474  0.50000000000000000      -0.47350000000000031     
         475  0.50000000000000000      -0.47450000000000031     
         476  0.50000000000000000      -0.47550000000000031     
         477  0.50000000000000000      -0.47650000000000031     
         478  0.50000000000000000      -0.47750000000000031     
         479  0.50000000000000000      -0.47850000000000031     
         480  0.50000000000000000      -0.47950000000000031     
         481  0.50000000000000000      -0.48050000000000032     
         482  0.50000000000000000      -0.48150000000000032     
         483  0.50000000000000000      -0.48250000000000032     
         484  0.50000000000000000      -0.48350000000000032     
         485  0.50000000000000000      -0.48450000000000032     
         486  0.50000000000000000      -0.48550000000000032     
         487  0.50000000000000000      -0.48650000000000032     
         488  0.50000000000000000      -0.48750000000000032     
         489  0.50000000000000000      -0.48850000000000032     
         490  0.50000000000000000      -0.48950000000000032     
         491  0.50000000000000000      -0.49050000000000032     
         492  0.50000000000000000      -0.49150000000000033     
         493  0.50000000000000000      -0.49250000000000033     
         494  0.50000000000000000      -0.49350000000000033     
         495  0.50000000000000000      -0.49450000000000033     
         496  0.50000000000000000      -0.49550000000000033     
         497  0.50000000000000000      -0.49650000000000033     
         498  0.50000000000000000      -0.49750000000000033     
         499  0.50000000000000000      -0.49850000000000033     
         500  0.50000000000000000      -0.49950000000000033     
         501  0.50000000000000000      -0.50050000000000028     
         502  0.50000000000000000      -0.50150000000000028     
         503  0.50000000000000000      -0.50250000000000028     
         504  0.50000000000000000      -0.50350000000000028     
         505  0.50000000000000000      -0.50450000000000028     
         506  0.50000000000000000      -0.50550000000000028     
         507  0.50000000000000000      -0.50650000000000028     
         508  0.50000000000000000      -0.50750000000000028     
         509  0.50000000000000000      -0.50850000000000029     
         510  0.50000000000000000      -0.50950000000000029     
         511  0.50000000000000000      -0.51050000000000029     
         512  0.50000000000000000      -0.51150000000000029     
         513  0.50000000000000000      -0.51250000000000029     
         514  0.50000000000000000      -0.51350000000000029     
         515  0.50000000000000000      -0.51450000000000029     
         516  0.50000000000000000      -0.51550000000000029     
         517  0.50000000000000000      -0.51650000000000029     
         518  0.50000000000000000      -0.51750000000000029     
         519  0.50000000000000000      -0.51850000000000029     
         520  0.50000000000000000      -0.51950000000000029     
         521  0.50000000000000000      -0.52050000000000030     
         522  0.50000000000000000      -0.52150000000000030     
         523  0.50000000000000000      -0.52250000000000030     
         524  0.50000000000000000      -0.52350000000000030     
         525  0.50000000000000000      -0.52450000000000030     
         526  0.50000000000000000      -0.52550000000000030     
         527  0.50000000000000000      -0.52650000000000030     
         528  0.50000000000000000      -0.52750000000000030     
         529  0.50000000000000000      -0.52850000000000030     
         530  0.50000000000000000      -0.52950000000000030     
         531  0.50000000000000000      -0.53050000000000030     
         532  0.50000000000000000      -0.53150000000000031     
         533  0.50000000000000000      -0.53250000000000031     
         534  0.50000000000000000      -0.53350000000000031     
         535  0.50000000000000000      -0.53450000000000031     
         536  0.50000000000000000      -0.53550000000000031     
         537  0.50000000000000000      -0.53650000000000031     
         538  0.50000000000000000      -0.53750000000000031     
         539  0.50000000000000000      -0.53850000000000031     
         540  0.50000000000000000      -0.53950000000000031     
         541  0.50000000000000000      -0.54050000000000031     
         542  0.50000000000000000      -0.54150000000000031     
         543  0.50000000000000000      -0.54250000000000032     
         544  0.50000000000000000      -0.54350000000000032     
         545  0.50000000000000000      -0.54450000000000032     
         546  0.50000000000000000      -0.54550000000000032     
         547  0.50000000000000000      -0.54650000000000032     
         548  0.50000000000000000      -0.54750000000000032     
         549  0.50000000000000000      -0.54850000000000032     
         550  0.50000000000000000      -0.54950000000000032     
         551  0.50000000000000000      -0.55050000000000032     
         552  0.50000000000000000      -0.55150000000000032     
         553  0.50000000000000000      -0.55250000000000032     
         554  0.50000000000000000      -0.55350000000000033     
         555  0.50000000000000000      -0.55450000000000033     
         556  0.50000000000000000      -0.55550000000000033     
         557  0.50000000000000000      -0.55650000000000033     
         558  0.50000000000000000      -0.55750000000000033     
         559  0.50000000000000000      -0.55850000000000033     
         560  0.50000000000000000      -0.55950000000000033     
         561  0.50000000000000000      -0.56050000000000033     
         562  0.50000000000000000      -0.56150000000000033     
         563  0.50000000000000000      -0.56250000000000033     
         564  0.50000000000000000      -0.56350000000000033     
         565  0.50000000000000000      -0.56450000000000033     
         566  0.50000000000000000      -0.56550000000000034     
         567  0.50000000000000000      -0.56650000000000034     
         568  0.50000000000000000      -0.56750000000000034     
         569  0.50000000000000000      -0.56850000000000034     
         570  0.50000000000000000      -0.56950000000000034     
         571  0.50000000000000000      -0.57050000000000034     
         572  0.50000000000000000      -0.57150000000000034     
         573  0.50000000000000000      -0.57250000000000034     
         574  0.50000000000000000      -0.57350000000000034     
         575  0.50000000000000000      -0.57450000000000034     
         576  0.50000000000000000      -0.57550000000000034     
         577  0.50000000000000000      -0.57650000000000035     
         578  0.50000000000000000      -0.57750000000000035     
         579  0.50000000000000000      -0.57850000000000035     
         580  0.50000000000000000      -0.57950000000000035     
         581  0.50000000000000000      -0.58050000000000035     
         582  0.50000000000000000      -0.58150000000000035     
         583  0.50000000000000000      -0.58250000000000035     
         584  0.50000000000000000      -0.58350000000000035     
         585  0.50000000000000000      -0.58450000000000035     
         586  0.50000000000000000      -0.58550000000000035     
         587  0.50000000000000000      -0.58650000000000035     
         588  0.50000000000000000      -0.58750000000000036     
         589  0.50000000000000000      -0.58850000000000036     
         590  0.50000000000000000      -0.58950000000000036     
         591  0.50000000000000000      -0.59050000000000036     
         592  0.50000000000000000      -0.59150000000000036     
         593  0.50000000000000000      -0.59250000000000036     
         594  0.50000000000000000      -0.59350000000000036     
         595  0.50000000000000000      -0.59450000000000036     
         596  0.50000000000000000      -0.59550000000000036     
         597  0.50000000000000000      -0.59650000000000036     
         598  0.50000000000000000      -0.59750000000000036     
         599  0.50000000000000000      -0.59850000000000037     
         600  0.50000000000000000      -0.59950000000000037     
         601  0.50000000000000000      -0.60050000000000037     
         602  0.50000000000000000      -0.60150000000000037     
         603  0.50000000000000000      -0.60250000000000037     
         604  0.50000000000000000      -0.60350000000000037     
         605  0.50000000000000000      -0.60450000000000037     
         606  0.50000000000000000      -0.60550000000000037     
         607  0.50000000000000000      -0.60650000000000037     
         608  0.50000000000000000      -0.60750000000000037     
         609  0.50000000000000000      -0.60850000000000037     
         610  0.50000000000000000      -0.60950000000000037     
         611  0.50000000000000000      -0.61050000000000038     
         612  0.50000000000000000      -0.61150000000000038     
         613  0.50000000000000000      -0.61250000000000038     
         614  0.50000000000000000      -0.61350000000000038     
         615  0.50000000000000000      -0.61450000000000038     
         616  0.50000000000000000      -0.61550000000000038     
         617  0.50000000000000000      -0.61650000000000038     
         618  0.50000000000000000      -0.61750000000000038     
         619  0.50000000000000000      -0.61850000000000038     
         620  0.50000000000000000      -0.61950000000000038     
         621  0.50000000000000000      -0.62050000000000038     
         622  0.50000000000000000      -0.62150000000000039     
         623  0.50000000000000000      -0.62250000000000039     
         624  0.50000000000000000      -0.62350000000000039     
         625  0.50000000000000000      -0.62450000000000039     
         626  0.50000000000000000      -0.62550000000000039     
         627  0.50000000000000000      -0.62650000000000039     
         628  0.50000000000000000      -0.62750000000000039     
         629  0.50000000000000000      -0.62850000000000039     
         630  0.50000000000000000      -0.62950000000000039     
         631  0.50000000000000000      -0.63050000000000039     
         632  0.50000000000000000      -0.63150000000000039     
         633  0.50000000000000000      -0.63250000000000040     
         634  0.50000000000000000      -0.63350000000000040     
         635  0.50000000000000000      -0.63450000000000040     
         636  0.50000000000000000      -0.63550000000000040     
         637  0.50000000000000000      -0.63650000000000040     
         638  0.50000000000000000      -0.63750000000000040     
         639  0.50000000000000000      -0.63850000000000040     
         640  0.50000000000000000      -0.63950000000000040     
         641  0.50000000000000000      -0.64050000000000040     
         642  0.50000000000000000      -0.64150000000000040     
         643  0.50000000000000000      -0.64250000000000040     
         644  0.50000000000000000      -0.64350000000000041     
         645  0.50000000000000000      -0.64450000000000041     
         646  0.50000000000000000      -0.64550000000000041     
         647  0.50000000000000000      -0.64650000000000041     
         648  0.50000000000000000      -0.64750000000000041     
         649  0.50000000000000000      -0.64850000000000041     
         650  0.50000000000000000      -0.64950000000000041     
         651  0.50000000000000000      -0.65050000000000041     
         652  0.50000000000000000      -0.65150000000000041     
         653  0.50000000000000000      -0.65250000000000041     
         654  0.50000000000000000      -0.65350000000000041     
         655  0.50000000000000000      -0.65450000000000041     
         656  0.50000000000000000      -0.65550000000000042     
         657  0.50000000000000000      -0.65650000000000042     
         658  0.50000000000000000      -0.65750000000000042     
         659  0.50000000000000000      -0.65850000000000042     
         660  0.50000000000000000      -0.65950000000000042     
         661  0.50000000000000000      -0.66050000000000042     
         662  0.50000000000000000      -0.66150000000000042     
         663  0.50000000000000000      -0.66250000000000042     
         664  0.50000000000000000      -0.66350000000000042     
         665  0.50000000000000000      -0.66450000000000042     
         666  0.50000000000000000      -0.66550000000000042     
         667  0.50000000000000000      -0.66650000000000043     
         668  0.50000000000000000      -0.66750000000000043     
         669  0.50000000000000000      -0.66850000000000043     
         670  0.50000000000000000      -0.66950000000000043     
         671  0.50000000000000000      -0.67050000000000043     
         672  0.50000000000000000      -0.67150000000000043     
         673  0.50000000000000000      -0.67250000000000043     
         674  0.50000000000000000      -0.67350000000000043     
         675  0.50000000000000000      -0.67450000000000043     
         676  0.50000000000000000      -0.67550000000000043     
         677  0.50000000000000000      -0.67650000000000043     
         678  0.50000000000000000      -0.67750000000000044     
         679  0.50000000000000000      -0.67850000000000044     
         680  0.50000000000000000      -0.67950000000000044     
         681  0.50000000000000000      -0.68050000000000044     
         682  0.50000000000000000      -0.68150000000000044     
         683  0.50000000000000000      -0.68250000000000044     
         684  0.50000000000000000      -0.68350000000000044     
         685  0.50000000000000000      -0.68450000000000044     
         686  0.50000000000000000      -0.68550000000000044     
         687  0.50000000000000000      -0.68650000000000044     
         688  0.50000000000000000      -0.68750000000000044     
         689  0.50000000000000000      -0.68850000000000044     
         690  0.50000000000000000      -0.68950000000000045     
         691  0.50000000000000000      -0.69050000000000045     
         692  0.50000000000000000      -0.69150000000000045     
         693  0.50000000000000000      -0.69250000000000045     
         694  0.50000000000000000      -0.69350000000000045     
         695  0.50000000000000000      -0.69450000000000045     
         696  0.50000000000000000      -0.69550000000000045     
         697  0.50000000000000000      -0.69650000000000045     
         698  0.50000000000000000      -0.69750000000000045     
         699  0.50000000000000000      -0.69850000000000045     
         700  0.50000000000000000      -0.69950000000000045     
         701  0.50000000000000000      -0.70050000000000046     
         702  0.50000000000000000      -0.70150000000000046     
         703  0.50000000000000000      -0.70250000000000046     
         704  0.50000000000000000      -0.70350000000000046     
         705  0.50000000000000000      -0.70450000000000046     
         706  0.50000000000000000      -0.70550000000000046     
         707  0.50000000000000000      -0.70650000000000046     
         708  0.50000000000000000      -0.70750000000000046     
         709  0.50000000000000000      -0.70850000000000046     
         710  0.50000000000000000      -0.70950000000000046     
         711  0.50000000000000000      -0.71050000000000046     
         712  0.50000000000000000      -0.71150000000000047     
         713  0.50000000000000000      -0.71250000000000047     
         714  0.50000000000000000      -0.71350000000000047     
         715  0.50000000000000000      -0.71450000000000047     
         716  0.50000000000000000      -0.71550000000000047     
         717  0.50000000000000000      -0.71650000000000047     
         718  0.50000000000000000      -0.71750000000000047     
         719  0.50000000000000000      -0.71850000000000047     
         720  0.50000000000000000      -0.71950000000000047     
         721  0.50000000000000000      -0.72050000000000047     
         722  0.50000000000000000      -0.72150000000000047     
         723  0.50000000000000000      -0.72250000000000048     
         724  0.50000000000000000      -0.72350000000000048     
         725  0.50000000000000000      -0.72450000000000048     
         726  0.50000000000000000      -0.72550000000000048     
         727  0.50000000000000000      -0.72650000000000048     
         728  0.50000000000000000      -0.72750000000000048     
         729  0.50000000000000000      -0.72850000000000048     
         730  0.50000000000000000      -0.72950000000000048     
         731  0.50000000000000000      -0.73050000000000048     
         732  0.50000000000000000      -0.73150000000000048     
         733  0.50000000000000000      -0.73250000000000048     
         734  0.50000000000000000      -0.73350000000000048     
         735  0.50000000000000000      -0.73450000000000049     
         736  0.50000000000000000      -0.73550000000000049     
         737  0.50000000000000000      -0.73650000000000049     
         738  0.50000000000000000      -0.73750000000000049     
         739  0.50000000000000000      -0.73850000000000049     
         740  0.50000000000000000      -0.73950000000000049     
         741  0.50000000000000000      -0.74050000000000049     
         742  0.50000000000000000      -0.74150000000000049     
         743  0.50000000000000000      -0.74250000000000049     
         744  0.50000000000000000      -0.74350000000000049     
         745  0.50000000000000000      -0.74450000000000049     
         746  0.50000000000000000      -0.74550000000000050     
         747  0.50000000000000000      -0.74650000000000050     
         748  0.50000000000000000      -0.74750000000000050     
         749  0.50000000000000000      -0.74850000000000050     
         750  0.50000000000000000      -0.74950000000000050     
         751  0.50000000000000000      -0.75050000000000050     
         752  0.50000000000000000      -0.75150000000000050     
         753  0.50000000000000000      -0.75250000000000050     
         754  0.50000000000000000      -0.75350000000000050     
         755  0.50000000000000000      -0.75450000000000050     
         756  0.50000000000000000      -0.75550000000000050     
         757  0.50000000000000000      -0.75650000000000051     
         758  0.50000000000000000      -0.75750000000000051     
         759  0.50000000000000000      -0.75850000000000051     
         760  0.50000000000000000      -0.75950000000000051     
         761  0.50000000000000000      -0.76050000000000051     
         762  0.50000000000000000      -0.76150000000000051     
         763  0.50000000000000000      -0.76250000000000051     
         764  0.50000000000000000      -0.76350000000000051     
         765  0.50000000000000000      -0.76450000000000051     
         766  0.50000000000000000      -0.76550000000000051     
         767  0.50000000000000000      -0.76650000000000051     
         768  0.50000000000000000      -0.76750000000000052     
         769  0.50000000000000000      -0.76850000000000052     
         770  0.50000000000000000      -0.76950000000000052     
         771  0.50000000000000000      -0.77050000000000052     
         772  0.50000000000000000      -0.77150000000000052     
         773  0.50000000000000000      -0.77250000000000052     
         774  0.50000000000000000      -0.77350000000000052     
         775  0.50000000000000000      -0.77450000000000052     
         776  0.50000000000000000      -0.77550000000000052     
         777  0.50000000000000000      -0.77650000000000052     
         778  0.50000000000000000      -0.77750000000000052     
         779  0.50000000000000000      -0.77850000000000052     
         780  0.50000000000000000      -0.77950000000000053     
         781  0.50000000000000000      -0.78050000000000053     
         782  0.50000000000000000      -0.78150000000000053     
         783  0.50000000000000000      -0.78250000000000053     
         784  0.50000000000000000      -0.78350000000000053     
         785  0.50000000000000000      -0.78450000000000053     
         786  0.50000000000000000      -0.78550000000000053     
         787  0.50000000000000000      -0.78650000000000053     
         788  0.50000000000000000      -0.78750000000000053     
         789  0.50000000000000000      -0.78850000000000053     
         790  0.50000000000000000      -0.78950000000000053     
         791  0.50000000000000000      -0.79050000000000054     
         792  0.50000000000000000      -0.79150000000000054     
         793  0.50000000000000000      -0.79250000000000054     
         794  0.50000000000000000      -0.79350000000000054     
         795  0.50000000000000000      -0.79450000000000054     
         796  0.50000000000000000      -0.79550000000000054     
         797  0.50000000000000000      -0.79650000000000054     
         798  0.50000000000000000      -0.79750000000000054     
         799  0.50000000000000000      -0.79850000000000054     
         800  0.50000000000000000      -0.79950000000000054     
         801  0.50000000000000000      -0.80050000000000054     
         802  0.50000000000000000      -0.80150000000000055     
         803  0.50000000000000000      -0.80250000000000055     
         804  0.50000000000000000      -0.80350000000000055     
         805  0.50000000000000000      -0.80450000000000055     
         806  0.50000000000000000      -0.80550000000000055     
         807  0.50000000000000000      -0.80650000000000055     
         808  0.50000000000000000      -0.80750000000000055     
         809  0.50000000000000000      -0.80850000000000055     
         810  0.50000000000000000      -0.80950000000000055     
         811  0.50000000000000000      -0.81050000000000055     
         812  0.50000000000000000      -0.81150000000000055     
         813  0.50000000000000000      -0.81250000000000056     
         814  0.50000000000000000      -0.81350000000000056     
         815  0.50000000000000000      -0.81450000000000056     
         816  0.50000000000000000      -0.81550000000000056     
         817  0.50000000000000000      -0.81650000000000056     
         818  0.50000000000000000      -0.81750000000000056     
         819  0.50000000000000000      -0.81850000000000056     
         820  0.50000000000000000      -0.81950000000000056     
         821  0.50000000000000000      -0.82050000000000056     
         822  0.50000000000000000      -0.82150000000000056     
         823  0.50000000000000000      -0.82250000000000056     
         824  0.50000000000000000      -0.82350000000000056     
         825  0.50000000000000000      -0.82450000000000057     
         826  0.50000000000000000      -0.82550000000000057     
         827  0.50000000000000000      -0.82650000000000057     
         828  0.50000000000000000      -0.82750000000000057     
         829  0.50000000000000000      -0.82850000000000057     
         830  0.50000000000000000      -0.82950000000000057     
         831  0.50000000000000000      -0.83050000000000057     
         832  0.50000000000000000      -0.83150000000000057     
         833  0.50000000000000000      -0.83250000000000057     
         834  0.50000000000000000      -0.83350000000000057     
         835  0.50000000000000000      -0.83450000000000057     
         836  0.50000000000000000      -0.83550000000000058     
         837  0.50000000000000000      -0.83650000000000058     
         838  0.50000000000000000      -0.83750000000000058     
         839  0.50000000000000000      -0.83850000000000058     
         840  0.50000000000000000      -0.83950000000000058     
         841  0.50000000000000000      -0.84050000000000058     
         842  0.50000000000000000      -0.84150000000000058     
         843  0.50000000000000000      -0.84250000000000058     
         844  0.50000000000000000      -0.84350000000000058     
         845  0.50000000000000000      -0.84450000000000058     
         846  0.50000000000000000      -0.84550000000000058     
         847  0.50000000000000000      -0.84650000000000059     
         848  0.50000000000000000      -0.84750000000000059     
         849  0.50000000000000000      -0.84850000000000059     
         850  0.50000000000000000      -0.84950000000000059     
         851  0.50000000000000000      -0.85050000000000059     
         852  0.50000000000000000      -0.85150000000000059     
         853  0.50000000000000000      -0.85250000000000059     
         854  0.50000000000000000      -0.85350000000000059     
         855  0.50000000000000000      -0.85450000000000059     
         856  0.50000000000000000      -0.85550000000000059     
         857  0.50000000000000000      -0.85650000000000059     
         858  0.50000000000000000      -0.85750000000000060     
         859  0.50000000000000000      -0.85850000000000060     
         860  0.50000000000000000      -0.85950000000000060     
         861  0.50000000000000000      -0.86050000000000060     
         862  0.50000000000000000      -0.86150000000000060     
         863  0.50000000000000000      -0.86250000000000060     
         864  0.50000000000000000      -0.86350000000000060     
         865  0.50000000000000000      -0.86450000000000060     
         866  0.50000000000000000      -0.86550000000000060     
         867  0.50000000000000000      -0.86650000000000060     
         868  0.50000000000000000      -0.86750000000000060     
         869  0.50000000000000000      -0.86850000000000060     
         870  0.50000000000000000      -0.86950000000000061     
         871  0.50000000000000000      -0.87050000000000061     
         872  0.50000000000000000      -0.87150000000000061     
         873  0.50000000000000000      -0.87250000000000061     
         874  0.50000000000000000      -0.87350000000000061     
         875  0.50000000000000000      -0.87450000000000061     
         876  0.50000000000000000      -0.87550000000000061     
         877  0.50000000000000000      -0.87650000000000061     
         878  0.50000000000000000      -0.87750000000000061     
         879  0.50000000000000000      -0.87850000000000061     
         880  0.50000000000000000      -0.87950000000000061     
         881  0.50000000000000000      -0.88050000000000062     
         882  0.50000000000000000      -0.88150000000000062     
         883  0.50000000000000000      -0.88250000000000062     
         884  0.50000000000000000      -0.88350000000000062     
         885  0.50000000000000000      -0.88450000000000062     
         886  0.50000000000000000      -0.88550000000000062     
         887  0.50000000000000000      -0.88650000000000062     
         888  0.50000000000000000      -0.88750000000000062     
         889  0.50000000000000000      -0.88850000000000062     
         890  0.50000000000000000      -0.88950000000000062     
         891  0.50000000000000000      -0.89050000000000062     
         892  0.50000000000000000      -0.89150000000000063     
         893  0.50000000000000000      -0.89250000000000063     
         894  0.50000000000000000      -0.89350000000000063     
         895  0.50000000000000000      -0.89450000000000063     
         896  0.50000000000000000      -0.89550000000000063     
         897  0.50000000000000000      -0.89650000000000063     
         898  0.50000000000000000      -0.89750000000000063     
         899  0.50000000000000000      -0.89850000000000063     
         900  0.50000000000000000      -0.89950000000000063     
         901  0.50000000000000000      -0.90050000000000063     
         902  0.50000000000000000      -0.90150000000000063     
         903  0.50000000000000000      -0.90250000000000064     
         904  0.50000000000000000      -0.90350000000000064     
         905  0.50000000000000000      -0.90450000000000064     
         906  0.50000000000000000      -0.90550000000000064     
         907  0.50000000000000000      -0.90650000000000064     
         908  0.50000000000000000      -0.90750000000000064     
         909  0.50000000000000000      -0.90850000000000064     
         910  0.50000000000000000      -0.90950000000000064     
         911  0.50000000000000000      -0.91050000000000064     
         912  0.50000000000000000      -0.91150000000000064     
         913  0.50000000000000000      -0.91250000000000064     
         914  0.50000000000000000      -0.91350000000000064     
         915  0.50000000000000000      -0.91450000000000065     
         916  0.50000000000000000      -0.91550000000000065     
         917  0.50000000000000000      -0.91650000000000065     
         918  0.50000000000000000      -0.91750000000000065     
         919  0.50000000000000000      -0.91850000000000065     
         920  0.50000000000000000      -0.91950000000000065     
         921  0.50000000000000000      -0.92050000000000065     
         922  0.50000000000000000      -0.92150000000000065     
         923  0.50000000000000000      -0.92250000000000065     
         924  0.50000000000000000      -0.92350000000000065     
         925  0.50000000000000000      -0.92450000000000065     
         926  0.50000000000000000      -0.92550000000000066     
         927  0.50000000000000000      -0.92650000000000066     
         928  0.50000000000000000      -0.92750000000000066     
         929  0.50000000000000000      -0.92850000000000066     
         930  0.50000000000000000      -0.92950000000000066     
         931  0.50000000000000000      -0.93050000000000066     
         932  0.50000000000000000      -0.93150000000000066     
         933  0.50000000000000000      -0.93250000000000066     
         934  0.50000000000000000      -0.93350000000000066     
         935  0.50000000000000000      -0.93450000000000066     
         936  0.50000000000000000      -0.93550000000000066     
         937  0.50000000000000000      -0.93650000000000067     
         938  0.50000000000000000      -0.93750000000000067     
         939  0.50000000000000000      -0.93850000000000067     
         940  0.50000000000000000      -0.93950000000000067     
         941  0.50000000000000000      -0.94050000000000067     
         942  0.50000000000000000      -0.94150000000000067     
         943  0.50000000000000000      -0.94250000000000067     
         944  0.50000000000000000      -0.94350000000000067     
         945  0.50000000000000000      -0.94450000000000067     
         946  0.50000000000000000      -0.94550000000000067     
         947  0.50000000000000000      -0.94650000000000067     
         948  0.50000000000000000      -0.94750000000000068     
         949  0.50000000000000000      -0.94850000000000068     
         950  0.50000000000000000      -0.94950000000000068     
         951  0.50000000000000000      -0.95050000000000068     
         952  0.50000000000000000      -0.95150000000000068     
         953  0.50000000000000000      -0.95250000000000068     
         954  0.50000000000000000      -0.95350000000000068     
         955  0.50000000000000000      -0.95450000000000068     
         956  0.50000000000000000      -0.95550000000000068     
         957  0.50000000000000000      -0.95650000000000068     
         958  0.50000000000000000      -0.95750000000000068     
         959  0.50000000000000000      -0.95850000000000068     
         960  0.50000000000000000      -0.95950000000000069     
         961  0.50000000000000000      -0.96050000000000069     
         962  0.50000000000000000      -0.96150000000000069     
         963  0.50000000000000000      -0.96250000000000069     
         964  0.50000000000000000      -0.96350000000000069     
         965  0.50000000000000000      -0.96450000000000069     
         966  0.50000000000000000      -0.96550000000000069     
         967  0.50000000000000000      -0.96650000000000069     
         968  0.50000000000000000      -0.96750000000000069     
         969  0.50000000000000000      -0.96850000000000069     
         970  0.50000000000000000      -0.96950000000000069     
         971  0.50000000000000000      -0.97050000000000070     
         972  0.50000000000000000      -0.97150000000000070     
         973  0.50000000000000000      -0.97250000000000070     
         974  0.50000000000000000      -0.97350000000000070     
         975  0.50000000000000000      -0.97450000000000070     
         976  0.50000000000000000      -0.97550000000000070     
         977  0.50000000000000000      -0.97650000000000070     
         978  0.50000000000000000      -0.97750000000000070     
         979  0.50000000000000000      -0.97850000000000070     
         980  0.50000000000000000      -0.97950000000000070     
         981  0.50000000000000000      -0.98050000000000070     
         982  0.50000000000000000      -0.98150000000000071     
         983  0.50000000000000000      -0.98250000000000071     
         984  0.50000000000000000      -0.98350000000000071     
         985  0.50000000000000000      -0.98450000000000071     
         986  0.50000000000000000      -0.98550000000000071     
         987  0.50000000000000000      -0.98650000000000071     
         988  0.50000000000000000      -0.98750000000000071     
         989  0.50000000000000000      -0.98850000000000071     
         990  0.50000000000000000      -0.98950000000000071     
         991  0.50000000000000000      -0.99050000000000071     
         992  0.50000000000000000      -0.99150000000000071     
         993  0.50000000000000000      -0.99250000000000071     
         994  0.50000000000000000      -0.99350000000000072     
         995  0.50000000000000000      -0.99450000000000072     
         996  0.50000000000000000      -0.99550000000000072     
         997  0.50000000000000000      -0.99650000000000072     
         998  0.50000000000000000      -0.99750000000000072     
         999  0.50000000000000000      -0.99850000000000072     
        1000  0.50000000000000000      -0.99950000000000072     
        1001  0.50000000000000000       -1.0005000000000006     
        1002  0.50000000000000000       -1.0015000000000005     
        1003  0.50000000000000000       -1.0025000000000004     
        1004  0.50000000000000000       -1.0035000000000003     
        1005  0.50000000000000000       -1.0045000000000002     
        1006  0.50000000000000000       -1.0055000000000001     
        1007  0.50000000000000000       -1.0065000000000000     
        1008  0.50000000000000000       -1.0074999999999998     
        1009  0.50000000000000000       -1.0084999999999997     
        1010  0.50000000000000000       -1.0094999999999996     
        1011  0.50000000000000000       -1.0104999999999995     
        1012  0.50000000000000000       -1.0114999999999994     
        1013  0.50000000000000000       -1.0124999999999993     
        1014  0.50000000000000000       -1.0134999999999992     
        1015  0.50000000000000000       -1.0144999999999991     
        1016  0.50000000000000000       -1.0154999999999990     
        1017  0.50000000000000000       -1.0164999999999988     
        1018  0.50000000000000000       -1.0174999999999987     
        1019  0.50000000000000000       -1.0184999999999986     
        1020  0.50000000000000000       -1.0194999999999985     
        1021  0.50000000000000000       -1.0204999999999984     
        1022  0.50000000000000000       -1.0214999999999983     
        1023  0.50000000000000000       -1.0224999999999982     
        1024  0.50000000000000000       -1.0234999999999981     
        1025  0.50000000000000000       -1.0244999999999980     
        1026  0.50000000000000000       -1.0254999999999979     
        1027  0.50000000000000000       -1.0264999999999977     
        1028  0.50000000000000000       -1.0274999999999976     
        1029  0.50000000000000000       -1.0284999999999975     
        1030  0.50000000000000000       -1.0294999999999974     
        1031  0.50000000000000000       -1.0304999999999973     
        1032  0.50000000000000000       -1.0314999999999972     
        1033  0.50000000000000000       -1.0324999999999971     
        1034  0.50000000000000000       -1.0334999999999970     
        1035  0.50000000000000000       -1.0344999999999969     
        1036  0.50000000000000000       -1.0354999999999968     
        1037  0.50000000000000000       -1.0364999999999966     
        1038  0.50000000000000000       -1.0374999999999965     
        1039  0.50000000000000000       -1.0384999999999964     
        1040  0.50000000000000000       -1.0394999999999963     
        1041  0.50000000000000000       -1.0404999999999962     
        1042  0.50000000000000000       -1.0414999999999961     
        1043  0.50000000000000000       -1.0424999999999960     
        1044  0.50000000000000000       -1.0434999999999959     
        1045  0.50000000000000000       -1.0444999999999958     
        1046  0.50000000000000000       -1.0454999999999957     
        1047  0.50000000000000000       -1.0464999999999955     
        1048  0.50000000000000000       -1.0474999999999954     
        1049  0.50000000000000000       -1.0484999999999953     
        1050  0.50000000000000000       -1.0494999999999952     
        1051  0.50000000000000000       -1.0504999999999951     
        1052  0.50000000000000000       -1.0514999999999950     
        1053  0.50000000000000000       -1.0524999999999949     
        1054  0.50000000000000000       -1.0534999999999948     
        1055  0.50000000000000000       -1.0544999999999947     
        1056  0.50000000000000000       -1.0554999999999946     
        1057  0.50000000000000000       -1.0564999999999944     
        1058  0.50000000000000000       -1.0574999999999943     
        1059  0.50000000000000000       -1.0584999999999942     
        1060  0.50000000000000000       -1.0594999999999941     
        1061  0.50000000000000000       -1.0604999999999940     
        1062  0.50000000000000000       -1.0614999999999939     
        1063  0.50000000000000000       -1.0624999999999938     
        1064  0.50000000000000000       -1.0634999999999937     
        1065  0.50000000000000000       -1.0644999999999936     
        1066  0.50000000000000000       -1.0654999999999935     
        1067  0.50000000000000000       -1.0664999999999933     
        1068  0.50000000000000000       -1.0674999999999932     
        1069  0.50000000000000000       -1.0684999999999931     
        1070  0.50000000000000000       -1.0694999999999930     
        1071  0.50000000000000000       -1.0704999999999929     
        1072  0.50000000000000000       -1.0714999999999928     
        1073  0.50000000000000000       -1.0724999999999927     
        1074  0.50000000000000000       -1.0734999999999926     
        1075  0.50000000000000000       -1.0744999999999925     
        1076  0.50000000000000000       -1.0754999999999924     
        1077  0.50000000000000000       -1.0764999999999922     
        1078  0.50000000000000000       -1.0774999999999921     
        1079  0.50000000000000000       -1.0784999999999920     
        1080  0.50000000000000000       -1.0794999999999919     
        1081  0.50000000000000000       -1.0804999999999918     
        1082  0.50000000000000000       -1.0814999999999917     
        1083  0.50000000000000000       -1.0824999999999916     
        1084  0.50000000000000000       -1.0834999999999915     
        1085  0.50000000000000000       -1.0844999999999914     
        1086  0.50000000000000000       -1.0854999999999912     
        1087  0.50000000000000000       -1.0864999999999911     
        1088  0.50000000000000000       -1.0874999999999910     
        1089  0.50000000000000000       -1.0884999999999909     
        1090  0.50000000000000000       -1.0894999999999908     
        1091  0.50000000000000000       -1.0904999999999907     
        1092  0.50000000000000000       -1.0914999999999906     
        1093  0.50000000000000000       -1.0924999999999905     
        1094  0.50000000000000000       -1.0934999999999904     
        1095  0.50000000000000000       -1.0944999999999903     
        1096  0.50000000000000000       -1.0954999999999901     
        1097  0.50000000000000000       -1.0964999999999900     
        1098  0.50000000000000000       -1.0974999999999899     
        1099  0.50000000000000000       -1.0984999999999898     
        1100  0.50000000000000000       -1.0994999999999897     
        1101  0.50000000000000000       -1.1004999999999896     
        1102  0.50000000000000000       -1.1014999999999895     
        1103  0.50000000000000000       -1.1024999999999894     
        1104  0.50000000000000000       -1.1034999999999893     
        1105  0.50000000000000000       -1.1044999999999892     
        1106  0.50000000000000000       -1.1054999999999890     
        1107  0.50000000000000000       -1.1064999999999889     
        1108  0.50000000000000000       -1.1074999999999888     
        1109  0.50000000000000000       -1.1084999999999887     
        1110  0.50000000000000000       -1.1094999999999886     
        1111  0.50000000000000000       -1.1104999999999885     
        1112  0.50000000000000000       -1.1114999999999884     
        1113  0.50000000000000000       -1.1124999999999883     
        1114  0.50000000000000000       -1.1134999999999882     
        1115  0.50000000000000000       -1.1144999999999881     
        1116  0.50000000000000000       -1.1154999999999879     
        1117  0.50000000000000000       -1.1164999999999878     
        1118  0.50000000000000000       -1.1174999999999877     
        1119  0.50000000000000000       -1.1184999999999876     
        1120  0.50000000000000000       -1.1194999999999875     
        1121  0.50000000000000000       -1.1204999999999874     
        1122  0.50000000000000000       -1.1214999999999873     
        1123  0.50000000000000000       -1.1224999999999872     
        1124  0.50000000000000000       -1.1234999999999871     
        1125  0.50000000000000000       -1.1244999999999870     
        1126  0.50000000000000000       -1.1254999999999868     
        1127  0.50000000000000000       -1.1264999999999867     
        1128  0.50000000000000000       -1.1274999999999866     
        1129  0.50000000000000000       -1.1284999999999865     
        1130  0.50000000000000000       -1.1294999999999864     
        1131  0.50000000000000000       -1.1304999999999863     
        1132  0.50000000000000000       -1.1314999999999862     
        1133  0.50000000000000000       -1.1324999999999861     
        1134  0.50000000000000000       -1.1334999999999860     
        1135  0.50000000000000000       -1.1344999999999859     
        1136  0.50000000000000000       -1.1354999999999857     
        1137  0.50000000000000000       -1.1364999999999856     
        1138  0.50000000000000000       -1.1374999999999855     
        1139  0.50000000000000000       -1.1384999999999854     
        1140  0.50000000000000000       -1.1394999999999853     
        1141  0.50000000000000000       -1.1404999999999852     
        1142  0.50000000000000000       -1.1414999999999851     
        1143  0.50000000000000000       -1.1424999999999850     
        1144  0.50000000000000000       -1.1434999999999849     
        1145  0.50000000000000000       -1.1444999999999848     
        1146  0.50000000000000000       -1.1454999999999846     
        1147  0.50000000000000000       -1.1464999999999845     
        1148  0.50000000000000000       -1.1474999999999844     
        1149  0.50000000000000000       -1.1484999999999843     
        1150  0.50000000000000000       -1.1494999999999842     
        1151  0.50000000000000000       -1.1504999999999841     
        1152  0.50000000000000000       -1.1514999999999840     
        1153  0.50000000000000000       -1.1524999999999839     
        1154  0.50000000000000000       -1.1534999999999838     
        1155  0.50000000000000000       -1.1544999999999837     
        1156  0.50000000000000000       -1.1554999999999835     
        1157  0.50000000000000000       -1.1564999999999834     
        1158  0.50000000000000000       -1.1574999999999833     
        1159  0.50000000000000000       -1.1584999999999832     
        1160  0.50000000000000000       -1.1594999999999831     
        1161  0.50000000000000000       -1.1604999999999830     
        1162  0.50000000000000000       -1.1614999999999829     
        1163  0.50000000000000000       -1.1624999999999828     
        1164  0.50000000000000000       -1.1634999999999827     
        1165  0.50000000000000000       -1.1644999999999825     
        1166  0.50000000000000000       -1.1654999999999824     
        1167  0.50000000000000000       -1.1664999999999823     
        1168  0.50000000000000000       -1.1674999999999822     
        1169  0.50000000000000000       -1.1684999999999821     
        1170  0.50000000000000000       -1.1694999999999820     
        1171  0.50000000000000000       -1.1704999999999819     
        1172  0.50000000000000000       -1.1714999999999818     
        1173  0.50000000000000000       -1.1724999999999817     
        1174  0.50000000000000000       -1.1734999999999816     
        1175  0.50000000000000000       -1.1744999999999814     
        1176  0.50000000000000000       -1.1754999999999813     
        1177  0.50000000000000000       -1.1764999999999812     
        1178  0.50000000000000000       -1.1774999999999811     
        1179  0.50000000000000000       -1.1784999999999810     
        1180  0.50000000000000000       -1.1794999999999809     
        1181  0.50000000000000000       -1.1804999999999808     
        1182  0.50000000000000000       -1.1814999999999807     
        1183  0.50000000000000000       -1.1824999999999806     
        1184  0.50000000000000000       -1.1834999999999805     
        1185  0.50000000000000000       -1.1844999999999803     
        1186  0.50000000000000000       -1.1854999999999802     
        1187  0.50000000000000000       -1.1864999999999801     
        1188  0.50000000000000000       -1.1874999999999800     
        1189  0.50000000000000000       -1.1884999999999799     
        1190  0.50000000000000000       -1.1894999999999798     
        1191  0.50000000000000000       -1.1904999999999797     
        1192  0.50000000000000000       -1.1914999999999796     
        1193  0.50000000000000000       -1.1924999999999795     
        1194  0.50000000000000000       -1.1934999999999794     
        1195  0.50000000000000000       -1.1944999999999792     
        1196  0.50000000000000000       -1.1954999999999791     
        1197  0.50000000000000000       -1.1964999999999790     
        1198  0.50000000000000000       -1.1974999999999789     
        1199  0.50000000000000000       -1.1984999999999788     
        1200  0.50000000000000000       -1.1994999999999787     
        1201  0.50000000000000000       -1.2004999999999786     
        1202  0.50000000000000000       -1.2014999999999785     
        1203  0.50000000000000000       -1.2024999999999784     
        1204  0.50000000000000000       -1.2034999999999783     
        1205  0.50000000000000000       -1.2044999999999781     
        1206  0.50000000000000000       -1.2054999999999780     
        1207  0.50000000000000000       -1.2064999999999779     
        1208  0.50000000000000000       -1.2074999999999778     
        1209  0.50000000000000000       -1.2084999999999777     
        1210  0.50000000000000000       -1.2094999999999776     
        1211  0.50000000000000000       -1.2104999999999775     
        1212  0.50000000000000000       -1.2114999999999774     
        1213  0.50000000000000000       -1.2124999999999773     
        1214  0.50000000000000000       -1.2134999999999772     
        1215  0.50000000000000000       -1.2144999999999770     
        1216  0.50000000000000000       -1.2154999999999769     
        1217  0.50000000000000000       -1.2164999999999768     
        1218  0.50000000000000000       -1.2174999999999767     
        1219  0.50000000000000000       -1.2184999999999766     
        1220  0.50000000000000000       -1.2194999999999765     
        1221  0.50000000000000000       -1.2204999999999764     
        1222  0.50000000000000000       -1.2214999999999763     
        1223  0.50000000000000000       -1.2224999999999762     
        1224  0.50000000000000000       -1.2234999999999761     
        1225  0.50000000000000000       -1.2244999999999759     
        1226  0.50000000000000000       -1.2254999999999758     
        1227  0.50000000000000000       -1.2264999999999757     
        1228  0.50000000000000000       -1.2274999999999756     
        1229  0.50000000000000000       -1.2284999999999755     
        1230  0.50000000000000000       -1.2294999999999754     
        1231  0.50000000000000000       -1.2304999999999753     
        1232  0.50000000000000000       -1.2314999999999752     
        1233  0.50000000000000000       -1.2324999999999751     
        1234  0.50000000000000000       -1.2334999999999749     
        1235  0.50000000000000000       -1.2344999999999748     
        1236  0.50000000000000000       -1.2354999999999747     
        1237  0.50000000000000000       -1.2364999999999746     
        1238  0.50000000000000000       -1.2374999999999745     
        1239  0.50000000000000000       -1.2384999999999744     
        1240  0.50000000000000000       -1.2394999999999743     
        1241  0.50000000000000000       -1.2404999999999742     
        1242  0.50000000000000000       -1.2414999999999741     
        1243  0.50000000000000000       -1.2424999999999740     
        1244  0.50000000000000000       -1.2434999999999738     
        1245  0.50000000000000000       -1.2444999999999737     
        1246  0.50000000000000000       -1.2454999999999736     
        1247  0.50000000000000000       -1.2464999999999735     
        1248  0.50000000000000000       -1.2474999999999734     
        1249  0.50000000000000000       -1.2484999999999733     
        1250  0.50000000000000000       -1.2494999999999732     
        1251  0.50000000000000000       -1.2504999999999731     
        1252  0.50000000000000000       -1.2514999999999730     
        1253  0.50000000000000000       -1.2524999999999729     
        1254  0.50000000000000000       -1.2534999999999727     
        1255  0.50000000000000000       -1.2544999999999726     
        1256  0.50000000000000000       -1.2554999999999725     
        1257  0.50000000000000000       -1.2564999999999724     
        1258  0.50000000000000000       -1.2574999999999723     
        1259  0.50000000000000000       -1.2584999999999722     
        1260  0.50000000000000000       -1.2594999999999721     
        1261  0.50000000000000000       -1.2604999999999720     
        1262  0.50000000000000000       -1.2614999999999719     
        1263  0.50000000000000000       -1.2624999999999718     
        1264  0.50000000000000000       -1.2634999999999716     
        1265  0.50000000000000000       -1.2644999999999715     
        1266  0.50000000000000000       -1.2654999999999714     
        1267  0.50000000000000000       -1.2664999999999713     
        1268  0.50000000000000000       -1.2674999999999712     
        1269  0.50000000000000000       -1.2684999999999711     
        1270  0.50000000000000000       -1.2694999999999710     
        1271  0.50000000000000000       -1.2704999999999709     
        1272  0.50000000000000000       -1.2714999999999708     
        1273  0.50000000000000000       -1.2724999999999707     
        1274  0.50000000000000000       -1.2734999999999705     
        1275  0.50000000000000000       -1.2744999999999704     
        1276  0.50000000000000000       -1.2754999999999703     
        1277  0.50000000000000000       -1.2764999999999702     
        1278  0.50000000000000000       -1.2774999999999701     
        1279  0.50000000000000000       -1.2784999999999700     
        1280  0.50000000000000000       -1.2794999999999699     
        1281  0.50000000000000000       -1.2804999999999698     
        1282  0.50000000000000000       -1.2814999999999697     
        1283  0.50000000000000000       -1.2824999999999696     
        1284  0.50000000000000000       -1.2834999999999694     
        1285  0.50000000000000000       -1.2844999999999693     
        1286  0.50000000000000000       -1.2854999999999692     
        1287  0.50000000000000000       -1.2864999999999691     
        1288  0.50000000000000000       -1.2874999999999690     
        1289  0.50000000000000000       -1.2884999999999689     
        1290  0.50000000000000000       -1.2894999999999688     
        1291  0.50000000000000000       -1.2904999999999687     
        1292  0.50000000000000000       -1.2914999999999686     
        1293  0.50000000000000000       -1.2924999999999685     
        1294  0.50000000000000000       -1.2934999999999683     
        1295  0.50000000000000000       -1.2944999999999682     
        1296  0.50000000000000000       -1.2954999999999681     
        1297  0.50000000000000000       -1.2964999999999680     
        1298  0.50000000000000000       -1.2974999999999679     
        1299  0.50000000000000000       -1.2984999999999678     
        1300  0.50000000000000000       -1.2994999999999677     
        1301  0.50000000000000000       -1.3004999999999676     
        1302  0.50000000000000000       -1.3014999999999675     
        1303  0.50000000000000000       -1.3024999999999674     
        1304  0.50000000000000000       -1.3034999999999672     
        1305  0.50000000000000000       -1.3044999999999671     
        1306  0.50000000000000000       -1.3054999999999670     
        1307  0.50000000000000000       -1.3064999999999669     
        1308  0.50000000000000000       -1.3074999999999668     
        1309  0.50000000000000000       -1.3084999999999667     
        1310  0.50000000000000000       -1.3094999999999666     
        1311  0.50000000000000000       -1.3104999999999665     
        1312  0.50000000000000000       -1.3114999999999664     
        1313  0.50000000000000000       -1.3124999999999662     
        1314  0.50000000000000000       -1.3134999999999661     
        1315  0.50000000000000000       -1.3144999999999660     
        1316  0.50000000000000000       -1.3154999999999659     
        1317  0.50000000000000000       -1.3164999999999658     
        1318  0.50000000000000000       -1.3174999999999657     
        1319  0.50000000000000000       -1.3184999999999656     
        1320  0.50000000000000000       -1.3194999999999655     
        1321  0.50000000000000000       -1.3204999999999654     
        1322  0.50000000000000000       -1.3214999999999653     
        1323  0.50000000000000000       -1.3224999999999651     
        1324  0.50000000000000000       -1.3234999999999650     
        1325  0.50000000000000000       -1.3244999999999649     
        1326  0.50000000000000000       -1.3254999999999648     
        1327  0.50000000000000000       -1.3264999999999647     
        1328  0.50000000000000000       -1.3274999999999646     
        1329  0.50000000000000000       -1.3284999999999645     
        1330  0.50000000000000000       -1.3294999999999644     
        1331  0.50000000000000000       -1.3304999999999643     
        1332  0.50000000000000000       -1.3314999999999642     
        1333  0.50000000000000000       -1.3324999999999640     
        1334  0.50000000000000000       -1.3334999999999639     
        1335  0.50000000000000000       -1.3344999999999638     
        1336  0.50000000000000000       -1.3354999999999637     
        1337  0.50000000000000000       -1.3364999999999636     
        1338  0.50000000000000000       -1.3374999999999635     
        1339  0.50000000000000000       -1.3384999999999634     
        1340  0.50000000000000000       -1.3394999999999633     
        1341  0.50000000000000000       -1.3404999999999632     
        1342  0.50000000000000000       -1.3414999999999631     
        1343  0.50000000000000000       -1.3424999999999629     
        1344  0.50000000000000000       -1.3434999999999628     
        1345  0.50000000000000000       -1.3444999999999627     
        1346  0.50000000000000000       -1.3454999999999626     
        1347  0.50000000000000000       -1.3464999999999625     
        1348  0.50000000000000000       -1.3474999999999624     
        1349  0.50000000000000000       -1.3484999999999623     
        1350  0.50000000000000000       -1.3494999999999622     
        1351  0.50000000000000000       -1.3504999999999621     
        1352  0.50000000000000000       -1.3514999999999620     
        1353  0.50000000000000000       -1.3524999999999618     
        1354  0.50000000000000000       -1.3534999999999617     
        1355  0.50000000000000000       -1.3544999999999616     
        1356  0.50000000000000000       -1.3554999999999615     
        1357  0.50000000000000000       -1.3564999999999614     
        1358  0.50000000000000000       -1.3574999999999613     
        1359  0.50000000000000000       -1.3584999999999612     
        1360  0.50000000000000000       -1.3594999999999611     
        1361  0.50000000000000000       -1.3604999999999610     
        1362  0.50000000000000000       -1.3614999999999609     
        1363  0.50000000000000000       -1.3624999999999607     
        1364  0.50000000000000000       -1.3634999999999606     
        1365  0.50000000000000000       -1.3644999999999605     
        1366  0.50000000000000000       -1.3654999999999604     
        1367  0.50000000000000000       -1.3664999999999603     
        1368  0.50000000000000000       -1.3674999999999602     
        1369  0.50000000000000000       -1.3684999999999601     
        1370  0.50000000000000000       -1.3694999999999600     
        1371  0.50000000000000000       -1.3704999999999599     
        1372  0.50000000000000000       -1.3714999999999598     
        1373  0.50000000000000000       -1.3724999999999596     
        1374  0.50000000000000000       -1.3734999999999595     
        1375  0.50000000000000000       -1.3744999999999594     
        1376  0.50000000000000000       -1.3754999999999593     
        1377  0.50000000000000000       -1.3764999999999592     
        1378  0.50000000000000000       -1.3774999999999591     
        1379  0.50000000000000000       -1.3784999999999590     
        1380  0.50000000000000000       -1.3794999999999589     
        1381  0.50000000000000000       -1.3804999999999588     
        1382  0.50000000000000000       -1.3814999999999586     
        1383  0.50000000000000000       -1.3824999999999585     
        1384  0.50000000000000000       -1.3834999999999584     
        1385  0.50000000000000000       -1.3844999999999583     
        1386  0.50000000000000000       -1.3854999999999582     
        1387  0.50000000000000000       -1.3864999999999581     
        1388  0.50000000000000000       -1.3874999999999580     
        1389  0.50000000000000000       -1.3884999999999579     
        1390  0.50000000000000000       -1.3894999999999578     
        1391  0.50000000000000000       -1.3904999999999577     
        1392  0.50000000000000000       -1.3914999999999575     
        1393  0.50000000000000000       -1.3924999999999574     
        1394  0.50000000000000000       -1.3934999999999573     
        1395  0.50000000000000000       -1.3944999999999572     
        1396  0.50000000000000000       -1.3954999999999571     
        1397  0.50000000000000000       -1.3964999999999570     
        1398  0.50000000000000000       -1.3974999999999569     
        1399  0.50000000000000000       -1.3984999999999568     
        1400  0.50000000000000000       -1.3994999999999567     
        1401  0.50000000000000000       -1.4004999999999566     
        1402  0.50000000000000000       -1.4014999999999564     
        1403  0.50000000000000000       -1.4024999999999563     
        1404  0.50000000000000000       -1.4034999999999562     
        1405  0.50000000000000000       -1.4044999999999561     
        1406  0.50000000000000000       -1.4054999999999560     
        1407  0.50000000000000000       -1.4064999999999559     
        1408  0.50000000000000000       -1.4074999999999558     
        1409  0.50000000000000000       -1.4084999999999557     
        1410  0.50000000000000000       -1.4094999999999556     
        1411  0.50000000000000000       -1.4104999999999555     
        1412  0.50000000000000000       -1.4114999999999553     
        1413  0.50000000000000000       -1.4124999999999552     
        1414  0.50000000000000000       -1.4134999999999551     
        1415  0.50000000000000000       -1.4144999999999550     
        1416  0.50000000000000000       -1.4154999999999549     
        1417  0.50000000000000000       -1.4164999999999548     
        1418  0.50000000000000000       -1.4174999999999547     
        1419  0.50000000000000000       -1.4184999999999546     
        1420  0.50000000000000000       -1.4194999999999545     
        1421  0.50000000000000000       -1.4204999999999544     
        1422  0.50000000000000000       -1.4214999999999542     
        1423  0.50000000000000000       -1.4224999999999541     
        1424  0.50000000000000000       -1.4234999999999540     
        1425  0.50000000000000000       -1.4244999999999539     
        1426  0.50000000000000000       -1.4254999999999538     
        1427  0.50000000000000000       -1.4264999999999537     
        1428  0.50000000000000000       -1.4274999999999536     
        1429  0.50000000000000000       -1.4284999999999535     
        1430  0.50000000000000000       -1.4294999999999534     
        1431  0.50000000000000000       -1.4304999999999533     
        1432  0.50000000000000000       -1.4314999999999531     
        1433  0.50000000000000000       -1.4324999999999530     
        1434  0.50000000000000000       -1.4334999999999529     
        1435  0.50000000000000000       -1.4344999999999528     
        1436  0.50000000000000000       -1.4354999999999527     
        1437  0.50000000000000000       -1.4364999999999526     
        1438  0.50000000000000000       -1.4374999999999525     
        1439  0.50000000000000000       -1.4384999999999524     
        1440  0.50000000000000000       -1.4394999999999523     
        1441  0.50000000000000000       -1.4404999999999522     
        1442  0.50000000000000000       -1.4414999999999520     
        1443  0.50000000000000000       -1.4424999999999519     
        1444  0.50000000000000000       -1.4434999999999518     
        1445  0.50000000000000000       -1.4444999999999517     
        1446  0.50000000000000000       -1.4454999999999516     
        1447  0.50000000000000000       -1.4464999999999515     
        1448  0.50000000000000000       -1.4474999999999514     
        1449  0.50000000000000000       -1.4484999999999513     
        1450  0.50000000000000000       -1.4494999999999512     
        1451  0.50000000000000000       -1.4504999999999511     
        1452  0.50000000000000000       -1.4514999999999509     
        1453  0.50000000000000000       -1.4524999999999508     
        1454  0.50000000000000000       -1.4534999999999507     
        1455  0.50000000000000000       -1.4544999999999506     
        1456  0.50000000000000000       -1.4554999999999505     
        1457  0.50000000000000000       -1.4564999999999504     
        1458  0.50000000000000000       -1.4574999999999503     
        1459  0.50000000000000000       -1.4584999999999502     
        1460  0.50000000000000000       -1.4594999999999501     
        1461  0.50000000000000000       -1.4604999999999499     
        1462  0.50000000000000000       -1.4614999999999498     
        1463  0.50000000000000000       -1.4624999999999497     
        1464  0.50000000000000000       -1.4634999999999496     
        1465  0.50000000000000000       -1.4644999999999495     
        1466  0.50000000000000000       -1.4654999999999494     
        1467  0.50000000000000000       -1.4664999999999493     
        1468  0.50000000000000000       -1.4674999999999492     
        1469  0.50000000000000000       -1.4684999999999491     
        1470  0.50000000000000000       -1.4694999999999490     
        1471  0.50000000000000000       -1.4704999999999488     
        1472  0.50000000000000000       -1.4714999999999487     
        1473  0.50000000000000000       -1.4724999999999486     
        1474  0.50000000000000000       -1.4734999999999485     
        1475  0.50000000000000000       -1.4744999999999484     
        1476  0.50000000000000000       -1.4754999999999483     
        1477  0.50000000000000000       -1.4764999999999482     
        1478  0.50000000000000000       -1.4774999999999481     
        1479  0.50000000000000000       -1.4784999999999480     
        1480  0.50000000000000000       -1.4794999999999479     
        1481  0.50000000000000000       -1.4804999999999477     
        1482  0.50000000000000000       -1.4814999999999476     
        1483  0.50000000000000000       -1.4824999999999475     
        1484  0.50000000000000000       -1.4834999999999474     
        1485  0.50000000000000000       -1.4844999999999473     
        1486  0.50000000000000000       -1.4854999999999472     
        1487  0.50000000000000000       -1.4864999999999471     
        1488  0.50000000000000000       -1.4874999999999470     
        1489  0.50000000000000000       -1.4884999999999469     
        1490  0.50000000000000000       -1.4894999999999468     
        1491  0.50000000000000000       -1.4904999999999466     
        1492  0.50000000000000000       -1.4914999999999465     
        1493  0.50000000000000000       -1.4924999999999464     
        1494  0.50000000000000000       -1.4934999999999463     
        1495  0.50000000000000000       -1.4944999999999462     
        1496  0.50000000000000000       -1.4954999999999461     
        1497  0.50000000000000000       -1.4964999999999460     
        1498  0.50000000000000000       -1.4974999999999459     
        1499  0.50000000000000000       -1.4984999999999458     
        1500  0.50000000000000000       -1.4994999999999457     
        1501  0.50000000000000000       -1.5004999999999455     
        1502  0.50000000000000000       -1.5014999999999454     
        1503  0.50000000000000000       -1.5024999999999453     
        1504  0.50000000000000000       -1.5034999999999452     
        1505  0.50000000000000000       -1.5044999999999451     
        1506  0.50000000000000000       -1.5054999999999450     
        1507  0.50000000000000000       -1.5064999999999449     
        1508  0.50000000000000000       -1.5074999999999448     
        1509  0.50000000000000000       -1.5084999999999447     
        1510  0.50000000000000000       -1.5094999999999446     
        1511  0.50000000000000000       -1.5104999999999444     
        1512  0.50000000000000000       -1.5114999999999443     
        1513  0.50000000000000000       -1.5124999999999442     
        1514  0.50000000000000000       -1.5134999999999441     
        1515  0.50000000000000000       -1.5144999999999440     
        1516  0.50000000000000000       -1.5154999999999439     
        1517  0.50000000000000000       -1.5164999999999438     
        1518  0.50000000000000000       -1.5174999999999437     
        1519  0.50000000000000000       -1.5184999999999436     
        1520  0.50000000000000000       -1.5194999999999435     
        1521  0.50000000000000000       -1.5204999999999433     
        1522  0.50000000000000000       -1.5214999999999432     
        1523  0.50000000000000000       -1.5224999999999431     
        1524  0.50000000000000000       -1.5234999999999430     
        1525  0.50000000000000000       -1.5244999999999429     
        1526  0.50000000000000000       -1.5254999999999428     
        1527  0.50000000000000000       -1.5264999999999427     
        1528  0.50000000000000000       -1.5274999999999426     
        1529  0.50000000000000000       -1.5284999999999425     
        1530  0.50000000000000000       -1.5294999999999424     
        1531  0.50000000000000000       -1.5304999999999422     
        1532  0.50000000000000000       -1.5314999999999421     
        1533  0.50000000000000000       -1.5324999999999420     
        1534  0.50000000000000000       -1.5334999999999419     
        1535  0.50000000000000000       -1.5344999999999418     
        1536  0.50000000000000000       -1.5354999999999417     
        1537  0.50000000000000000       -1.5364999999999416     
        1538  0.50000000000000000       -1.5374999999999415     
        1539  0.50000000000000000       -1.5384999999999414     
        1540  0.50000000000000000       -1.5394999999999412     
        1541  0.50000000000000000       -1.5404999999999411     
        1542  0.50000000000000000       -1.5414999999999410     
        1543  0.50000000000000000       -1.5424999999999409     
        1544  0.50000000000000000       -1.5434999999999408     
        1545  0.50000000000000000       -1.5444999999999407     
        1546  0.50000000000000000       -1.5454999999999406     
        1547  0.50000000000000000       -1.5464999999999405     
        1548  0.50000000000000000       -1.5474999999999404     
        1549  0.50000000000000000       -1.5484999999999403     
        1550  0.50000000000000000       -1.5494999999999401     
        1551  0.50000000000000000       -1.5504999999999400     
        1552  0.50000000000000000       -1.5514999999999399     
        1553  0.50000000000000000       -1.5524999999999398     
        1554  0.50000000000000000       -1.5534999999999397     
        1555  0.50000000000000000       -1.5544999999999396     
        1556  0.50000000000000000       -1.5554999999999395     
        1557  0.50000000000000000       -1.5564999999999394     
        1558  0.50000000000000000       -1.5574999999999393     
        1559  0.50000000000000000       -1.5584999999999392     
        1560  0.50000000000000000       -1.5594999999999390     
        1561  0.50000000000000000       -1.5604999999999389     
        1562  0.50000000000000000       -1.5614999999999388     
        1563  0.50000000000000000       -1.5624999999999387     
        1564  0.50000000000000000       -1.5634999999999386     
        1565  0.50000000000000000       -1.5644999999999385     
        1566  0.50000000000000000       -1.5654999999999384     
        1567  0.50000000000000000       -1.5664999999999383     
        1568  0.50000000000000000       -1.5674999999999382     
        1569  0.50000000000000000       -1.5684999999999381     
        1570  0.50000000000000000       -1.5694999999999379     
        1571  0.50000000000000000       -1.5704999999999378     
        1572  0.50000000000000000       -1.5714999999999377     
        1573  0.50000000000000000       -1.5724999999999376     
        1574  0.50000000000000000       -1.5734999999999375     
        1575  0.50000000000000000       -1.5744999999999374     
        1576  0.50000000000000000       -1.5754999999999373     
        1577  0.50000000000000000       -1.5764999999999372     
        1578  0.50000000000000000       -1.5774999999999371     
        1579  0.50000000000000000       -1.5784999999999370     
        1580  0.50000000000000000       -1.5794999999999368     
        1581  0.50000000000000000       -1.5804999999999367     
        1582  0.50000000000000000       -1.5814999999999366     
        1583  0.50000000000000000       -1.5824999999999365     
        1584  0.50000000000000000       -1.5834999999999364     
        1585  0.50000000000000000       -1.5844999999999363     
        1586  0.50000000000000000       -1.5854999999999362     
        1587  0.50000000000000000       -1.5864999999999361     
        1588  0.50000000000000000       -1.5874999999999360     
        1589  0.50000000000000000       -1.5884999999999359     
        1590  0.50000000000000000       -1.5894999999999357     
        1591  0.50000000000000000       -1.5904999999999356     
        1592  0.50000000000000000       -1.5914999999999355     
        1593  0.50000000000000000       -1.5924999999999354     
        1594  0.50000000000000000       -1.5934999999999353     
        1595  0.50000000000000000       -1.5944999999999352     
        1596  0.50000000000000000       -1.5954999999999351     
        1597  0.50000000000000000       -1.5964999999999350     
        1598  0.50000000000000000       -1.5974999999999349     
        1599  0.50000000000000000       -1.5984999999999348     
        1600  0.50000000000000000       -1.5994999999999346     
        1601  0.50000000000000000       -1.6004999999999345     
        1602  0.50000000000000000       -1.6014999999999344     
        1603  0.50000000000000000       -1.6024999999999343     
        1604  0.50000000000000000       -1.6034999999999342     
        1605  0.50000000000000000       -1.6044999999999341     
        1606  0.50000000000000000       -1.6054999999999340     
        1607  0.50000000000000000       -1.6064999999999339     
        1608  0.50000000000000000       -1.6074999999999338     
        1609  0.50000000000000000       -1.6084999999999336     
        1610  0.50000000000000000       -1.6094999999999335     
        1611  0.50000000000000000       -1.6104999999999334     
        1612  0.50000000000000000       -1.6114999999999333     
        1613  0.50000000000000000       -1.6124999999999332     
        1614  0.50000000000000000       -1.6134999999999331     
        1615  0.50000000000000000       -1.6144999999999330     
        1616  0.50000000000000000       -1.6154999999999329     
        1617  0.50000000000000000       -1.6164999999999328     
        1618  0.50000000000000000       -1.6174999999999327     
        1619  0.50000000000000000       -1.6184999999999325     
        1620  0.50000000000000000       -1.6194999999999324     
        1621  0.50000000000000000       -1.6204999999999323     
        1622  0.50000000000000000       -1.6214999999999322     
        1623  0.50000000000000000       -1.6224999999999321     
        1624  0.50000000000000000       -1.6234999999999320     
        1625  0.50000000000000000       -1.6244999999999319     
        1626  0.50000000000000000       -1.6254999999999318     
        1627  0.50000000000000000       -1.6264999999999317     
        1628  0.50000000000000000       -1.6274999999999316     
        1629  0.50000000000000000       -1.6284999999999314     
        1630  0.50000000000000000       -1.6294999999999313     
        1631  0.50000000000000000       -1.6304999999999312     
        1632  0.50000000000000000       -1.6314999999999311     
        1633  0.50000000000000000       -1.6324999999999310     
        1634  0.50000000000000000       -1.6334999999999309     
        1635  0.50000000000000000       -1.6344999999999308     
        1636  0.50000000000000000       -1.6354999999999307     
        1637  0.50000000000000000       -1.6364999999999306     
        1638  0.50000000000000000       -1.6374999999999305     
        1639  0.50000000000000000       -1.6384999999999303     
        1640  0.50000000000000000       -1.6394999999999302     
        1641  0.50000000000000000       -1.6404999999999301     
        1642  0.50000000000000000       -1.6414999999999300     
        1643  0.50000000000000000       -1.6424999999999299     
        1644  0.50000000000000000       -1.6434999999999298     
        1645  0.50000000000000000       -1.6444999999999297     
        1646  0.50000000000000000       -1.6454999999999296     
        1647  0.50000000000000000       -1.6464999999999295     
        1648  0.50000000000000000       -1.6474999999999294     
        1649  0.50000000000000000       -1.6484999999999292     
        1650  0.50000000000000000       -1.6494999999999291     
        1651  0.50000000000000000       -1.6504999999999290     
        1652  0.50000000000000000       -1.6514999999999289     
        1653  0.50000000000000000       -1.6524999999999288     
        1654  0.50000000000000000       -1.6534999999999287     
        1655  0.50000000000000000       -1.6544999999999286     
        1656  0.50000000000000000       -1.6554999999999285     
        1657  0.50000000000000000       -1.6564999999999284     
        1658  0.50000000000000000       -1.6574999999999283     
        1659  0.50000000000000000       -1.6584999999999281     
        1660  0.50000000000000000       -1.6594999999999280     
        1661  0.50000000000000000       -1.6604999999999279     
        1662  0.50000000000000000       -1.6614999999999278     
        1663  0.50000000000000000       -1.6624999999999277     
        1664  0.50000000000000000       -1.6634999999999276     
        1665  0.50000000000000000       -1.6644999999999275     
        1666  0.50000000000000000       -1.6654999999999274     
        1667  0.50000000000000000       -1.6664999999999273     
        1668  0.50000000000000000       -1.6674999999999272     
        1669  0.50000000000000000       -1.6684999999999270     
        1670  0.50000000000000000       -1.6694999999999269     
        1671  0.50000000000000000       -1.6704999999999268     
        1672  0.50000000000000000       -1.6714999999999267     
        1673  0.50000000000000000       -1.6724999999999266     
        1674  0.50000000000000000       -1.6734999999999265     
        1675  0.50000000000000000       -1.6744999999999264     
        1676  0.50000000000000000       -1.6754999999999263     
        1677  0.50000000000000000       -1.6764999999999262     
        1678  0.50000000000000000       -1.6774999999999261     
        1679  0.50000000000000000       -1.6784999999999259     
        1680  0.50000000000000000       -1.6794999999999258     
        1681  0.50000000000000000       -1.6804999999999257     
        1682  0.50000000000000000       -1.6814999999999256     
        1683  0.50000000000000000       -1.6824999999999255     
        1684  0.50000000000000000       -1.6834999999999254     
        1685  0.50000000000000000       -1.6844999999999253     
        1686  0.50000000000000000       -1.6854999999999252     
        1687  0.50000000000000000       -1.6864999999999251     
        1688  0.50000000000000000       -1.6874999999999249     
        1689  0.50000000000000000       -1.6884999999999248     
        1690  0.50000000000000000       -1.6894999999999247     
        1691  0.50000000000000000       -1.6904999999999246     
        1692  0.50000000000000000       -1.6914999999999245     
        1693  0.50000000000000000       -1.6924999999999244     
        1694  0.50000000000000000       -1.6934999999999243     
        1695  0.50000000000000000       -1.6944999999999242     
        1696  0.50000000000000000       -1.6954999999999241     
        1697  0.50000000000000000       -1.6964999999999240     
        1698  0.50000000000000000       -1.6974999999999238     
        1699  0.50000000000000000       -1.6984999999999237     
        1700  0.50000000000000000       -1.6994999999999236     
        1701  0.50000000000000000       -1.7004999999999235     
        1702  0.50000000000000000       -1.7014999999999234     
        1703  0.50000000000000000       -1.7024999999999233     
        1704  0.50000000000000000       -1.7034999999999232     
        1705  0.50000000000000000       -1.7044999999999231     
        1706  0.50000000000000000       -1.7054999999999230     
        1707  0.50000000000000000       -1.7064999999999229     
        1708  0.50000000000000000       -1.7074999999999227     
        1709  0.50000000000000000       -1.7084999999999226     
        1710  0.50000000000000000       -1.7094999999999225     
        1711  0.50000000000000000       -1.7104999999999224     
        1712  0.50000000000000000       -1.7114999999999223     
        1713  0.50000000000000000       -1.7124999999999222     
        1714  0.50000000000000000       -1.7134999999999221     
        1715  0.50000000000000000       -1.7144999999999220     
        1716  0.50000000000000000       -1.7154999999999219     
        1717  0.50000000000000000       -1.7164999999999218     
        1718  0.50000000000000000       -1.7174999999999216     
        1719  0.50000000000000000       -1.7184999999999215     
        1720  0.50000000000000000       -1.7194999999999214     
        1721  0.50000000000000000       -1.7204999999999213     
        1722  0.50000000000000000       -1.7214999999999212     
        1723  0.50000000000000000       -1.7224999999999211     
        1724  0.50000000000000000       -1.7234999999999210     
        1725  0.50000000000000000       -1.7244999999999209     
        1726  0.50000000000000000       -1.7254999999999208     
        1727  0.50000000000000000       -1.7264999999999207     
        1728  0.50000000000000000       -1.7274999999999205     
        1729  0.50000000000000000       -1.7284999999999204     
        1730  0.50000000000000000       -1.7294999999999203     
        1731  0.50000000000000000       -1.7304999999999202     
        1732  0.50000000000000000       -1.7314999999999201     
        1733  0.50000000000000000       -1.7324999999999200     
        1734  0.50000000000000000       -1.7334999999999199     
        1735  0.50000000000000000       -1.7344999999999198     
        1736  0.50000000000000000       -1.7354999999999197     
        1737  0.50000000000000000       -1.7364999999999196     
        1738  0.50000000000000000       -1.7374999999999194     
        1739  0.50000000000000000       -1.7384999999999193     
        1740  0.50000000000000000       -1.7394999999999192     
        1741  0.50000000000000000       -1.7404999999999191     
        1742  0.50000000000000000       -1.7414999999999190     
        1743  0.50000000000000000       -1.7424999999999189     
        1744  0.50000000000000000       -1.7434999999999188     
        1745  0.50000000000000000       -1.7444999999999187     
        1746  0.50000000000000000       -1.7454999999999186     
        1747  0.50000000000000000       -1.7464999999999185     
        1748  0.50000000000000000       -1.7474999999999183     
        1749  0.50000000000000000       -1.7484999999999182     
        1750  0.50000000000000000       -1.7494999999999181     
        1751  0.50000000000000000       -1.7504999999999180     
        1752  0.50000000000000000       -1.7514999999999179     
        1753  0.50000000000000000       -1.7524999999999178     
        1754  0.50000000000000000       -1.7534999999999177     
        1755  0.50000000000000000       -1.7544999999999176     
        1756  0.50000000000000000       -1.7554999999999175     
        1757  0.50000000000000000       -1.7564999999999173     
        1758  0.50000000000000000       -1.7574999999999172     
        1759  0.50000000000000000       -1.7584999999999171     
        1760  0.50000000000000000       -1.7594999999999170     
        1761  0.50000000000000000       -1.7604999999999169     
        1762  0.50000000000000000       -1.7614999999999168     
        1763  0.50000000000000000       -1.7624999999999167     
        1764  0.50000000000000000       -1.7634999999999166     
        1765  0.50000000000000000       -1.7644999999999165     
        1766  0.50000000000000000       -1.7654999999999164     
        1767  0.50000000000000000       -1.7664999999999162     
        1768  0.50000000000000000       -1.7674999999999161     
        1769  0.50000000000000000       -1.7684999999999160     
        1770  0.50000000000000000       -1.7694999999999159     
        1771  0.50000000000000000       -1.7704999999999158     
        1772  0.50000000000000000       -1.7714999999999157     
        1773  0.50000000000000000       -1.7724999999999156     
        1774  0.50000000000000000       -1.7734999999999155     
        1775  0.50000000000000000       -1.7744999999999154     
        1776  0.50000000000000000       -1.7754999999999153     
        1777  0.50000000000000000       -1.7764999999999151     
        1778  0.50000000000000000       -1.7774999999999150     
        1779  0.50000000000000000       -1.7784999999999149     
        1780  0.50000000000000000       -1.7794999999999148     
        1781  0.50000000000000000       -1.7804999999999147     
        1782  0.50000000000000000       -1.7814999999999146     
        1783  0.50000000000000000       -1.7824999999999145     
        1784  0.50000000000000000       -1.7834999999999144     
        1785  0.50000000000000000       -1.7844999999999143     
        1786  0.50000000000000000       -1.7854999999999142     
        1787  0.50000000000000000       -1.7864999999999140     
        1788  0.50000000000000000       -1.7874999999999139     
        1789  0.50000000000000000       -1.7884999999999138     
        1790  0.50000000000000000       -1.7894999999999137     
        1791  0.50000000000000000       -1.7904999999999136     
        1792  0.50000000000000000       -1.7914999999999135     
        1793  0.50000000000000000       -1.7924999999999134     
        1794  0.50000000000000000       -1.7934999999999133     
        1795  0.50000000000000000       -1.7944999999999132     
        1796  0.50000000000000000       -1.7954999999999131     
        1797  0.50000000000000000       -1.7964999999999129     
        1798  0.50000000000000000       -1.7974999999999128     
        1799  0.50000000000000000       -1.7984999999999127     
        1800  0.50000000000000000       -1.7994999999999126     
        1801  0.50000000000000000       -1.8004999999999125     
        1802  0.50000000000000000       -1.8014999999999124     
        1803  0.50000000000000000       -1.8024999999999123     
        1804  0.50000000000000000       -1.8034999999999122     
        1805  0.50000000000000000       -1.8044999999999121     
        1806  0.50000000000000000       -1.8054999999999120     
        1807  0.50000000000000000       -1.8064999999999118     
        1808  0.50000000000000000       -1.8074999999999117     
        1809  0.50000000000000000       -1.8084999999999116     
        1810  0.50000000000000000       -1.8094999999999115     
        1811  0.50000000000000000       -1.8104999999999114     
        1812  0.50000000000000000       -1.8114999999999113     
        1813  0.50000000000000000       -1.8124999999999112     
        1814  0.50000000000000000       -1.8134999999999111     
        1815  0.50000000000000000       -1.8144999999999110     
        1816  0.50000000000000000       -1.8154999999999109     
        1817  0.50000000000000000       -1.8164999999999107     
        1818  0.50000000000000000       -1.8174999999999106     
        1819  0.50000000000000000       -1.8184999999999105     
        1820  0.50000000000000000       -1.8194999999999104     
        1821  0.50000000000000000       -1.8204999999999103     
        1822  0.50000000000000000       -1.8214999999999102     
        1823  0.50000000000000000       -1.8224999999999101     
        1824  0.50000000000000000       -1.8234999999999100     
        1825  0.50000000000000000       -1.8244999999999099     
        1826  0.50000000000000000       -1.8254999999999098     
        1827  0.50000000000000000       -1.8264999999999096     
        1828  0.50000000000000000       -1.8274999999999095     
        1829  0.50000000000000000       -1.8284999999999094     
        1830  0.50000000000000000       -1.8294999999999093     
        1831  0.50000000000000000       -1.8304999999999092     
        1832  0.50000000000000000       -1.8314999999999091     
        1833  0.50000000000000000       -1.8324999999999090     
        1834  0.50000000000000000       -1.8334999999999089     
        1835  0.50000000000000000       -1.8344999999999088     
        1836  0.50000000000000000       -1.8354999999999086     
        1837  0.50000000000000000       -1.8364999999999085     
        1838  0.50000000000000000       -1.8374999999999084     
        1839  0.50000000000000000       -1.8384999999999083     
        1840  0.50000000000000000       -1.8394999999999082     
        1841  0.50000000000000000       -1.8404999999999081     
        1842  0.50000000000000000       -1.8414999999999080     
        1843  0.50000000000000000       -1.8424999999999079     
        1844  0.50000000000000000       -1.8434999999999078     
        1845  0.50000000000000000       -1.8444999999999077     
        1846  0.50000000000000000       -1.8454999999999075     
        1847  0.50000000000000000       -1.8464999999999074     
        1848  0.50000000000000000       -1.8474999999999073     
        1849  0.50000000000000000       -1.8484999999999072     
        1850  0.50000000000000000       -1.8494999999999071     
        1851  0.50000000000000000       -1.8504999999999070     
        1852  0.50000000000000000       -1.8514999999999069     
        1853  0.50000000000000000       -1.8524999999999068     
        1854  0.50000000000000000       -1.8534999999999067     
        1855  0.50000000000000000       -1.8544999999999066     
        1856  0.50000000000000000       -1.8554999999999064     
        1857  0.50000000000000000       -1.8564999999999063     
        1858  0.50000000000000000       -1.8574999999999062     
        1859  0.50000000000000000       -1.8584999999999061     
        1860  0.50000000000000000       -1.8594999999999060     
        1861  0.50000000000000000       -1.8604999999999059     
        1862  0.50000000000000000       -1.8614999999999058     
        1863  0.50000000000000000       -1.8624999999999057     
        1864  0.50000000000000000       -1.8634999999999056     
        1865  0.50000000000000000       -1.8644999999999055     
        1866  0.50000000000000000       -1.8654999999999053     
        1867  0.50000000000000000       -1.8664999999999052     
        1868  0.50000000000000000       -1.8674999999999051     
        1869  0.50000000000000000       -1.8684999999999050     
        1870  0.50000000000000000       -1.8694999999999049     
        1871  0.50000000000000000       -1.8704999999999048     
        1872  0.50000000000000000       -1.8714999999999047     
        1873  0.50000000000000000       -1.8724999999999046     
        1874  0.50000000000000000       -1.8734999999999045     
        1875  0.50000000000000000       -1.8744999999999044     
        1876  0.50000000000000000       -1.8754999999999042     
        1877  0.50000000000000000       -1.8764999999999041     
        1878  0.50000000000000000       -1.8774999999999040     
        1879  0.50000000000000000       -1.8784999999999039     
        1880  0.50000000000000000       -1.8794999999999038     
        1881  0.50000000000000000       -1.8804999999999037     
        1882  0.50000000000000000       -1.8814999999999036     
        1883  0.50000000000000000       -1.8824999999999035     
        1884  0.50000000000000000       -1.8834999999999034     
        1885  0.50000000000000000       -1.8844999999999033     
        1886  0.50000000000000000       -1.8854999999999031     
        1887  0.50000000000000000       -1.8864999999999030     
        1888  0.50000000000000000       -1.8874999999999029     
        1889  0.50000000000000000       -1.8884999999999028     
        1890  0.50000000000000000       -1.8894999999999027     
        1891  0.50000000000000000       -1.8904999999999026     
        1892  0.50000000000000000       -1.8914999999999025     
        1893  0.50000000000000000       -1.8924999999999024     
        1894  0.50000000000000000       -1.8934999999999023     
        1895  0.50000000000000000       -1.8944999999999022     
        1896  0.50000000000000000       -1.8954999999999020     
        1897  0.50000000000000000       -1.8964999999999019     
        1898  0.50000000000000000       -1.8974999999999018     
        1899  0.50000000000000000       -1.8984999999999017     
        1900  0.50000000000000000       -1.8994999999999016     
        1901  0.50000000000000000       -1.9004999999999015     
        1902  0.50000000000000000       -1.9014999999999014     
        1903  0.50000000000000000       -1.9024999999999013     
        1904  0.50000000000000000       -1.9034999999999012     
        1905  0.50000000000000000       -1.9044999999999010     
        1906  0.50000000000000000       -1.9054999999999009     
        1907  0.50000000000000000       -1.9064999999999008     
        1908  0.50000000000000000       -1.9074999999999007     
        1909  0.50000000000000000       -1.9084999999999006     
        1910  0.50000000000000000       -1.9094999999999005     
        1911  0.50000000000000000       -1.9104999999999004     
        1912  0.50000000000000000       -1.9114999999999003     
        1913  0.50000000000000000       -1.9124999999999002     
        1914  0.50000000000000000       -1.9134999999999001     
        1915  0.50000000000000000       -1.9144999999998999     
        1916  0.50000000000000000       -1.9154999999998998     
        1917  0.50000000000000000       -1.9164999999998997     
        1918  0.50000000000000000       -1.9174999999998996     
        1919  0.50000000000000000       -1.9184999999998995     
        1920  0.50000000000000000       -1.9194999999998994     
        1921  0.50000000000000000       -1.9204999999998993     
        1922  0.50000000000000000       -1.9214999999998992     
        1923  0.50000000000000000       -1.9224999999998991     
        1924  0.50000000000000000       -1.9234999999998990     
        1925  0.50000000000000000       -1.9244999999998988     
        1926  0.50000000000000000       -1.9254999999998987     
        1927  0.50000000000000000       -1.9264999999998986     
        1928  0.50000000000000000       -1.9274999999998985     
        1929  0.50000000000000000       -1.9284999999998984     
        1930  0.50000000000000000       -1.9294999999998983     
        1931  0.50000000000000000       -1.9304999999998982     
        1932  0.50000000000000000       -1.9314999999998981     
        1933  0.50000000000000000       -1.9324999999998980     
        1934  0.50000000000000000       -1.9334999999998979     
        1935  0.50000000000000000       -1.9344999999998977     
        1936  0.50000000000000000       -1.9354999999998976     
        1937  0.50000000000000000       -1.9364999999998975     
        1938  0.50000000000000000       -1.9374999999998974     
        1939  0.50000000000000000       -1.9384999999998973     
        1940  0.50000000000000000       -1.9394999999998972     
        1941  0.50000000000000000       -1.9404999999998971     
        1942  0.50000000000000000       -1.9414999999998970     
        1943  0.50000000000000000       -1.9424999999998969     
        1944  0.50000000000000000       -1.9434999999998968     
        1945  0.50000000000000000       -1.9444999999998966     
        1946  0.50000000000000000       -1.9454999999998965     
        1947  0.50000000000000000       -1.9464999999998964     
        1948  0.50000000000000000       -1.9474999999998963     
        1949  0.50000000000000000       -1.9484999999998962     
        1950  0.50000000000000000       -1.9494999999998961     
        1951  0.50000000000000000       -1.9504999999998960     
        1952  0.50000000000000000       -1.9514999999998959     
        1953  0.50000000000000000       -1.9524999999998958     
        1954  0.50000000000000000       -1.9534999999998957     
        1955  0.50000000000000000       -1.9544999999998955     
        1956  0.50000000000000000       -1.9554999999998954     
        1957  0.50000000000000000       -1.9564999999998953     
        1958  0.50000000000000000       -1.9574999999998952     
        1959  0.50000000000000000       -1.9584999999998951     
        1960  0.50000000000000000       -1.9594999999998950     
        1961  0.50000000000000000       -1.9604999999998949     
        1962  0.50000000000000000       -1.9614999999998948     
        1963  0.50000000000000000       -1.9624999999998947     
        1964  0.50000000000000000       -1.9634999999998946     
        1965  0.50000000000000000       -1.9644999999998944     
        1966  0.50000000000000000       -1.9654999999998943     
        1967  0.50000000000000000       -1.9664999999998942     
        1968  0.50000000000000000       -1.9674999999998941     
        1969  0.50000000000000000       -1.9684999999998940     
        1970  0.50000000000000000       -1.9694999999998939     
        1971  0.50000000000000000       -1.9704999999998938     
        1972  0.50000000000000000       -1.9714999999998937     
        1973  0.50000000000000000       -1.9724999999998936     
        1974  0.50000000000000000       -1.9734999999998935     
        1975  0.50000000000000000       -1.9744999999998933     
        1976  0.50000000000000000       -1.9754999999998932     
        1977  0.50000000000000000       -1.9764999999998931     
        1978  0.50000000000000000       -1.9774999999998930     
        1979  0.50000000000000000       -1.9784999999998929     
        1980  0.50000000000000000       -1.9794999999998928     
        1981  0.50000000000000000       -1.9804999999998927     
        1982  0.50000000000000000       -1.9814999999998926     
        1983  0.50000000000000000       -1.9824999999998925     
        1984  0.50000000000000000       -1.9834999999998923     
        1985  0.50000000000000000       -1.9844999999998922     
        1986  0.50000000000000000       -1.9854999999998921     
        1987  0.50000000000000000       -1.9864999999998920     
        1988  0.50000000000000000       -1.9874999999998919     
        1989  0.50000000000000000       -1.9884999999998918     
        1990  0.50000000000000000       -1.9894999999998917     
        1991  0.50000000000000000       -1.9904999999998916     
        1992  0.50000000000000000       -1.9914999999998915     
        1993  0.50000000000000000       -1.9924999999998914     
        1994  0.50000000000000000       -1.9934999999998912     
        1995  0.50000000000000000       -1.9944999999998911     
        1996  0.50000000000000000       -1.9954999999998910     
        1997  0.50000000000000000       -1.9964999999998909     
        1998  0.50000000000000000       -1.9974999999998908     
        1999  0.50000000000000000       -1.9984999999998907     
        2000  0.50000000000000000       -1.9994999999998906     
