0.03107396122257283 0
0.03109427227588412 0
0.031124002594587745 0
0.03115391297547796 0
0.031186853968164733 0
0.03124295305405173 0
0.0312749281452469 0
0.03130777778443819 0
0.03135069576998176 0
0.03138872514932342 0
0.03140226029025223 0
0.03142241146439872 0
0.031442739215448975 0
0.03145607043695555 0
0.03146916788618939 0
0.031482126414580404 0
0.0314933615714299 0
0.03150334455361177 0
0.03150927047299245 0
0.03151357716327406 0
0.03151939561030397 0
0.03152177813323445 0
0.031523055675418625 0
0.03152229991545361 0
0.03154335867029893 0
0.031564485397288886 0
0.03158530983741143 0
0.03160683579602857 0
0.031625814223907346 0
0.03164504301726148 0
0.031666037076236574 0
0.03168642369120364 0
0.03170742086889469 0
0.03172811923038571 0
0.03174898644275507 0
0.031767821313366744 0
0.03178742052919547 0
0.03180922259133236 0
0.03183179972392158 0
0.03185380616714988 0
0.03187585398904827 0
0.03189879764811923 0
0.03192277563396492 0
0.03194696238397337 0
0.03197025395254645 0
0.03199398734121771 0
0.03201911641842219 0
0.03204260291472904 0
0.032067406367527085 0
0.03209125121889563 0
0.032115581238676055 0
0.0321405873193613 0
0.03216456248097246 0
0.03218981955280779 0
0.03221343967066168 0
0.03223912992904093 0
0.03226511463044709 0
0.03229091361628321 0
0.03231430600745943 0
0.032339250567339724 0
0.03236413802784354 0
0.03238915811045528 0
0.0324111585364735 0
0.03243526490287219 0
0.03245776551640483 0
0.03248012550247836 0
0.0325001474585615 0
0.03252020804179843 0
0.032538076554467776 0
0.03255640085600171 0
0.03257359927211541 0
0.032589720536015714 0
0.03260435928818081 0
0.03259060031308914 0
0.032569464533345305 0
0.03257718091118745 0
0.03261099852476957 0
0.032648897251764376 0
0.032666704493089685 0
0.03269107016453795 0
0.032705337149197204 0
0.03272044414846923 0
0.032730600335742044 0
0.03273806681622449 0
0.03274884634042049 0
0.03276317782765974 0
0.03277649434945579 0
0.032785992861222114 0
0.03280375040876307 0
0.03280613370727763 0
0.0328141527096538 0
0.032822599371883726 0
0.03282902620399783 0
0.03283902381724645 0
0.03284245103887394 0
0.03284284228477884 0
0.03284028207573899 0
0.032841415996424005 0
0.032839561645491365 0
0.03283795399284971 0
0.03283022665018732 0
0.03282579948472227 0
0.032822176624680996 0
0.03281831690016605 0
0.03281299294264745 0
0.032807269330262595 0
0.03282668954174536 0
0.032841650062711 0
0.03286092208192894 0
0.03288041378632499 0
0.03290349452085049 0
0.03290489993299338 0
0.032904147039338735 0
0.03290453028503415 0
0.03290299335264104 0
0.03290273238145873 0
0.03290242458790636 0
0.032903470729897515 0
0.03290304010188427 0
0.03290287133749965 0
0.032903539589609204 0
0.03290323183289289 0
0.03290390402453787 0
0.0329041639943575 0
0.03290423632203115 0
0.03290515897391891 0
0.03290478576897222 0
0.03290585613223259 0
0.03290598136258599 0
0.03290602265780363 0
0.03290587896311309 0
0.03290380382459929 0
0.03290273142030528 0
0.03290133769796993 0
0.032899694940588926 0
0.03289576973048745 0
0.03289383608246288 0
0.03288810114268168 0
0.03288357856411591 0
0.03287762786809331 0
0.0328710297645021 0
0.03286603362605641 0
0.032857471199595215 0
0.032850786986156774 0
0.032840352412520056 0
0.03283092035424107 0
0.03281845187616942 0
0.032807426143652244 0
0.03279946507570177 0
0.03278327597535661 0
0.032771922785270434 0
0.03275924093308362 0
0.03274887496825485 0
0.032739957207460375 0
0.032725823387593236 0
0.03271189678639847 0
0.032701509906055616 0
0.03266622263111689 0
0.03263585492987592 0
0.03260327805100035 0
0.03256858048124249 0
0.032538689846781654 0
0.032479039601598855 0
0.032414680788977246 0
0.03235470627530609 0
0.0322987136293608 0
0.03223680069163322 0
0.03217097879421449 0
0.03210160313943112 0
0.032055253048721324 0
0.032008587823155236 0
0.03196146932490026 0
0.03191266786248015 0
0.031859772689055064 0
0.03182766046407201 0
0.03179658689787787 0
0.031764490843653126 0
0.0317321852069659 0
0.03169997544260895 0
0.03167193069097917 0
0.03164204749868476 0
0.03161655615194519 0
0.031596361009778334 0
0.0315798761198545 0
0.03156633626846956 0
0.03155633069469823 0
0.031551810160432965 0
0.03155071399191692 0
0.03155227580509132 0
0.03155682928825152 0
0.0315685358593451 0
0.031586693108281244 0
0.03160497113461187 0
0.03162927571701576 0
0.031655159611692116 0
0.0316524357350792 0
0.03165640137893731 0
0.03163242072747164 0
0.03160461404062513 0
0.031570354897980255 0
0.03153086622065067 0
0.03148706707300652 0
0.03143960984081866 0
0.03141482081088285 0
0.03138926223186911 0
0.0313611304544336 0
0.031329164363124426 0
0.03131825580444377 0
0.03131240602549004 0
0.03130385555917074 0
0.03130062376342574 0
0.031299516997558494 0
0.0312975435904401 0
0.03129618955006715 0
0.031296287065972664 0
0.031297293122248326 0
0.031303718067282785 0
0.031283827733847636 0
0.031265870877034134 0
0.03125200355347242 0
0.03123332886020666 0
0.031213303055016833 0
0.03119526370116261 0
0.031178249434509666 0
0.031161411622269562 0
0.03115159492849207 0
0.031136386170440462 0
0.03111728796651025 0
0.031101679692817668 0
0.03108067163865691 0
0.031063395858366545 0
0.031043713820539106 0
0.03102652447841584 0
0.03100638395269074 0
0.03099098117764729 0
0.030965990045967895 0
0.030951741611177884 0
0.030935594544845395 0
0.03091987542495608 0
0.03089787600072937 0
0.03088538207134381 0
0.030876968069628707 0
0.030857722004529638 0
0.03085182224567331 0
0.030845211579895324 0
0.030844245265284 0
0.030830978952081988 0
0.03080685603645224 0
0.030776335294989174 0
0.030745964111365005 0
0.030720289701394288 0
0.030697569385759182 0
0.030669025772640184 0
0.0306648393581138 0
0.030659767889523896 0
0.030657741185693577 0
0.03064887976276528 0
0.030635701911083633 0
0.03065790099688019 0
0.03068004804938823 0
0.03070279947070683 0
0.0306853548012697 0
0.03067647392577387 0
0.030670488027745153 0
0.030663844954832663 0
0.030660920598218542 0
0.030657244824278323 0
0.030652994641464464 0
0.030654802739970465 0
0.030658007168387666 0
0.03066300441193484 0
0.030672675044159624 0
0.0306944258163789 0
0.03072555962685984 0
0.03073327524547117 0
0.030732004603802276 0
0.030742023514062654 0
0.0307482746077064 0
0.030762075215304024 0
0.030781790309634086 0
0.03079799936025158 0
0.030802241894616878 0
0.030807980469997002 0
0.030806149512624413 0
0.030808591311321524 0
0.03080653239929443 0
0.030781177138410446 0
0.030789967000297975 0
0.03079631358851275 0
0.03080549077900392 0
0.030814281260727456 0
0.030865032375560708 0
0.030909311589620413 0
0.030955183527914504 0
0.031014369093029938 0
0.031069633504423964 0
0.03111938989589869 0
0.03117379719129114 0
0.031229819041293967 0
0.031249869262028003 0
0.03127315008274531 0
0.03129114219426976 0
0.03131833967868237 0
0.03135573190152195 0
0.031376856370518465 0
0.031397541609042845 0
0.031412454003803436 0
0.03142835549009448 0
0.03143708121150018 0
0.03144378808270276 0
0.03144884830950139 0
0.031449527439665455 0
0.03144386056018114 0
0.03146351884126367 0
0.031481192020309766 0
0.03149476242095622 0
0.031511684567624 0
0.031530664739040266 0
0.03154616662981638 0
0.03156010325996154 0
0.031574452357233336 0
0.03158603706899865 0
0.03161156895105803 0
0.03164072852838225 0
0.03166878456918393 0
0.031698756092921984 0
0.03173217198509423 0
0.03176875914183645 0
0.03178305017531635 0
0.03179872266168931 0
0.0318095724357457 0
0.03180517787533284 0
0.03178860274616621 0
0.03177600372418716 0
0.03176264826543669 0
0.03177863160242368 0
0.03178600652931547 0
0.03178885970731623 0
0.03180626928693127 0
0.03180643675318382 0
0.031804892934921766 0
0.03180424519442654 0
0.03181205106539183 0
0.0318304689946652 0
0.031852072711109895 0
0.03187450929587181 0
0.031896444315359276 0
0.03191480455715088 0
0.03193306280890307 0
0.031953678881298235 0
0.03197041068166898 0
0.0319887446565496 0
0.03202040233791566 0
0.03204684310381566 0
0.032073913547279995 0
0.03210676131056515 0
0.03213544667868953 0
0.0321980708433848 0
0.03221158326331324 0
0.032226794451465174 0
0.03224562852351174 0
0.0322618263419716 0
0.032271462458008604 0
0.03228827638600455 0
0.03229763565879356 0
0.03230561155229399 0
0.032313473060408854 0
0.03231756205754244 0
0.03231140083025389 0
0.03230025888117465 0
0.03231368072425686 0
0.03233399373350578 0
0.03234927837672832 0
0.03236748596480639 0
0.032375627354144246 0
0.03237986903382345 0
0.03238940603303612 0
0.03241186262685962 0
0.032434363147253564 0
0.03246604006266275 0
0.03249700286665072 0
0.03253274175344318 0
0.032588825560132456 0
0.03258656494744021 0
0.032589999046388145 0
0.03261090659263272 0
0.03263197892595287 0
0.03263890546054626 0
0.032649080924367795 0
0.032658347059819584 0
0.032656025852950465 0
0.03266310429612632 0
0.03267867453118384 0
0.03269168763542814 0
0.03270598506130274 0
0.03273119743868368 0
0.03275226463410013 0
0.032778211381863376 0
0.032794472309583315 0
0.032796591274339496 0
0.032808511583503515 0
0.03282183178576108 0
0.03283850474829864 0
0.032850696048170924 0
0.032870166377391916 0
0.03288922918725748 0
0.03291031374878412 0
0.0329357743851333 0
0.0329616415099209 0
0.03299072183967448 0
0.03299621218905733 0
0.0330020805879144 0
0.03300830268656826 0
0.03301431045655374 0
0.033021862769346114 0
0.033028031627135426 0
0.033034151363657 0
0.03303592904390208 0
0.03302945622856272 0
0.033024082117283735 0
0.03301711660996648 0
0.033013120673855395 0
0.033001029634315886 0
0.0329906042442508 0
0.032998560101226974 0
0.03301032807862363 0
0.03302123072195466 0
0.03305679745766233 0
0.03309692132184654 0
0.03313441721494588 0
0.03317520119941037 0
0.03319522678794672 0
0.03319247015850953 0
0.0331915174201274 0
0.0331919700297438 0
0.033196995759836916 0
0.033178910004648995 0
0.03316062591994586 0
0.03314135432049523 0
0.03312187476012461 0
0.033102920015232004 0
0.03308151032008528 0
0.03306026234938941 0
0.03303938259449675 0
0.033019248685785874 0
0.03302160966575049 0
0.03302482063865741 0
0.033023922521591795 0
0.03299133214083633 0
0.0329625931105126 0
0.03292682421074266 0
0.03288965378736702 0
0.03285047055805275 0
0.03281274665303829 0
0.032822428482600835 0
0.032831452610293126 0
0.032841205090318196 0
0.03285865092330783 0
0.03288406267140191 0
0.03290561316793421 0
0.03293519689876972 0
0.03294018504353175 0
0.03294552185089975 0
0.03295124399719971 0
0.03295897913126232 0
0.03296406488160915 0
0.03297237023451603 0
0.032981068495949936 0
0.03298898363306177 0
0.03299647430076552 0
0.0330084575416166 0
0.03302082899415959 0
0.033030637706353415 0
0.03304066271426551 0
0.03304634187921554 0
0.033050009128481814 0
0.03305204300086459 0
0.03305731592678795 0
0.03306556320527509 0
0.033097299273688686 0
0.03313155760157417 0
0.03314459947570713 0
0.033160979658009335 0
0.033152553995961266 0
0.033125349160862926 0
0.03311200582702805 0
0.033124023890595995 0
0.03313479484135321 0
0.03314559586056343 0
0.0331551881478412 0
0.033165585234036295 0
0.03317511272113067 0
0.03317851908378973 0
0.03316343826708237 0
0.033148058124160336 0
0.033132419462813804 0
0.03311625955758783 0
0.03309842291547437 0
0.03309673470235904 0
0.03310225563215889 0
0.03310549314030319 0
0.03311121166683492 0
0.03311538593606222 0
0.03311955770294226 0
0.03312608234855322 0
0.03313194674400282 0
0.033139227230555915 0
0.033139826643847674 0
0.03314768925342444 0
0.03316060753714467 0
0.03316837237881352 0
0.03317720809645225 0
0.033183052612640325 0
0.03318833986365711 0
0.03319484784751871 0
0.03320112277154635 0
0.03320588208521418 0
0.0332100991202243 0
0.0332150338268428 0
0.03321809500768971 0
0.03322189933759353 0
0.03322418021722836 0
0.03322712530851275 0
0.03323148220367711 0
0.03323614211390473 0
0.0332419988359047 0
0.033245047976057734 0
0.0332522188472232 0
0.0332835057221471 0
0.03331611638000883 0
0.03332311555880421 0
0.03332572846204123 0
0.03335380691037055 0
0.03338050879109549 0
0.033409174150990574 0
0.03343775941164701 0
0.03346605170420571 0
0.03349557666955427 0
0.03352487160902897 0
0.0335452964516184 0
0.03357410936277498 0
0.03358034510121443 0
0.03358338660368983 0
0.03358637789179545 0
0.03361690959969855 0
0.03364987733099659 0
0.03368034556114463 0
0.033714332391196034 0
0.03374460749604226 0
0.03378489786836408 0
0.03382459672510353 0
0.03387852338285236 0
0.033877727326963904 0
0.033869055882758126 0
0.03385716518647438 0
0.033841334770816495 0
0.03382282904957425 0
0.03382809871836883 0
0.03383234209097589 0
0.033836099006041585 0
0.03384010258407148 0
0.03384331844219994 0
0.033844675685755596 0
0.03385028094819518 0
0.033852743392502556 0
0.03385361049160222 0
0.033857720118459965 0
0.03386682215127399 0
0.03387465767199489 0
0.03387952269378252 0
0.03388425647949669 0
0.03389869655860566 0
0.033912582339792226 0
0.033928056506938156 0
0.033917423286561416 0
0.03390508525630413 0
0.033889939534824366 0
0.03390241168583575 0
0.03390256950018615 0
0.03392924814948727 0
0.03397487675697215 0
0.03398415567015936 0
0.03396590597282095 0
0.03397172236079759 0
0.03397558138604758 0
0.03398170942470347 0
0.033987469272938955 0
0.033992218674158976 0
0.03400465085292365 0
0.03403489001615994 0
0.03406430803683686 0
0.0340981194539156 0
0.034135152075116894 0
0.0341729282400393 0
0.03419260229087963 0
0.034209274067464365 0
0.03422921773494743 0
0.034243832099184794 0
0.034263347847349454 0
0.034285661958244874 0
0.03427585060515978 0
0.034264158272597156 0
0.034274159395694365 0
0.03428756375969401 0
0.034299332938355936 0
0.034304837824078595 0
0.034314202703460854 0
0.0343244353771718 0
0.0343364335616319 0
0.03434243363369187 0
0.03435260836959701 0
0.034361084535473256 0
0.03437019016245538 0
0.034381111541273476 0
0.03438883368152124 0
0.03438411020077588 0
0.03439175576940553 0
0.0343980725029688 0
0.034409662675862894 0
0.034416269414906116 0
0.03442366987771857 0
0.0344268891373472 0
0.03443390988118432 0
0.034434062490048815 0
0.03443405964402397 0
0.034433178573632386 0
0.03445830771728867 0
0.034486375471171955 0
0.03451284564506634 0
0.03454472375113199 0
0.03455304519596624 0
0.034562400076744625 0
0.034571973008801465 0
0.03458086551195053 0
0.03458766788203423 0
0.03460390318783864 0
0.034611409746607036 0
0.034615636320376404 0
0.03462217011454458 0
0.03462881213700133 0
0.0346345490119686 0
0.03463851694144662 0
0.034645071884067 0
0.034646406468760764 0
0.03465230854016589 0
0.034647674162403205 0
0.03464145185964499 0
0.03462045139931763 0
0.03462584699716463 0
0.03463324127478473 0
0.034641149024976996 0
0.03465011714419592 0
0.03465708283567991 0
0.034666985836936885 0
0.03467412301830863 0
0.03468184159293214 0
0.03469252265766431 0
0.0347020219658662 0
0.03471361096058138 0
0.034723605477923615 0
0.034740609220858004 0
0.03476194318530951 0
0.03478116825009778 0
0.034797295777567155 0
0.034815144991832365 0
0.03481131766111542 0
0.03481112665540447 0
0.034798101055386665 0
0.03478414222825785 0
0.034791317277970135 0
0.034820238598241945 0
0.03484934695353785 0
0.034878292477394296 0
0.03484882755289506 0
0.034828683663795365 0
0.03480551911900231 0
0.03477875794426271 0
0.03477477968235109 0
0.03477068639682589 0
0.034742261576259585 0
0.03471421289131608 0
0.03468273848325261 0
0.0346501009286865 0
0.034643038112211144 0
0.0346356207289024 0
0.0346274874162213 0
0.03462096135711313 0
0.034611406606686206 0
0.03459848108875549 0
0.03458811164298573 0
0.03457672268570046 0
0.03456071728474468 0
0.034544380707393955 0
0.03452996172703947 0
0.034511348897702604 0
0.03448831735803528 0
0.03449410160630376 0
0.034502230356726026 0
0.034511567379324044 0
0.03452326477403116 0
0.03450948353888531 0
0.034493673619640924 0
0.0344791427500916 0
0.03446423915996942 0
0.03444812483251417 0
0.03443815799009072 0
0.03442277768563209 0
0.03440700530718435 0
0.03439162901357945 0
0.034373722566994246 0
0.03435848345459802 0
0.03435698309728055 0
0.03434175693232283 0
0.03432847115499889 0
0.03431113700464095 0
0.03429465156205221 0
0.03427681091225032 0
0.034260102790396124 0
0.034241475675906435 0
0.03422228848039851 0
0.03420303877110324 0
0.034182522807055964 0
0.03415815577161722 0
0.03413307495897367 0
0.034107333785925405 0
0.034077594923692826 0
0.03407110302157553 0
0.03406470579018533 0
0.03405893688566646 0
0.034054617876774086 0
0.03405571298556671 0
0.034055903388061796 0
0.03405935876292709 0
0.034064102728674786 0
0.03407126804123169 0
0.03407919260488509 0
0.034088123049874776 0
0.0340990703476136 0
0.034111014707762066 0
0.03412566495504595 0
0.03411716414097984 0
0.03410932461343548 0
0.034100950411636605 0
0.03409177711582148 0
0.03411018420427499 0
0.03410097319933223 0
0.0340921915582884 0
0.03408286926663151 0
0.034072930970132205 0
0.03406186060787462 0
0.034052413995445285 0
0.034041365404210204 0
0.03402416161279577 0
0.034010615951617626 0
0.0339938012421228 0
0.03397211776669625 0
0.033945725501118636 0
0.03391267866066579 0
0.033900790838316985 0
0.033887381896477255 0
0.033875957485887044 0
0.03386164784544254 0
0.03384824174953747 0
0.03383965782418799 0
0.033855701603528424 0
0.03384882132339072 0
0.03384665919951623 0
0.03382043322000323 0
0.03379798682748974 0
0.03380461481458307 0
0.03380969532942929 0
0.03379421047192321 0
0.033778112811990606 0
0.033761319305015594 0
0.03374480375435562 0
0.033729029246457994 0
0.03373986394783053 0
0.03372658414000428 0
0.033712193001836546 0
0.03367519040173872 0
0.03363556451330362 0
0.033623572529358096 0
0.033609322193401264 0
0.03359561095517267 0
0.033583210639214295 0
0.03356895222885937 0
0.033556166785644846 0
0.03354259328806246 0
0.0335256034621932 0
0.03350714346560202 0
0.03348746102814139 0
0.03346618262897961 0
0.033443958686651586 0
0.033419267108219235 0
0.03339396205107071 0
0.03336906605878542 0
0.03336668711376829 0
0.033368146002818226 0
0.03337008457179412 0
0.03337347954060786 0
0.03338030670818181 0
0.033389791222302276 0
0.03340073161390019 0
0.03341578214432163 0
0.03343069705995666 0
0.03345112157493761 0
0.033472851445010526 0
0.03349587962768575 0
0.03349720145566707 0
0.03349837899485073 0
0.033498069746698486 0
0.033501299496576126 0
0.03350127226317954 0
0.03350188022526036 0
0.03347639970814623 0
0.03345111632680681 0
0.033423745005320346 0
0.033396086948961325 0
0.033369638512943986 0
0.03336760324908165 0
0.03336471612302871 0
0.033362082022231225 0
0.03335804571453959 0
0.033352737762415444 0
0.03334673772040236 0
0.03334081360335563 0
0.03333117583479646 0
0.033321646591990946 0
0.03331037821472257 0
0.033298656378658635 0
0.033284952837854195 0
0.03327073954168176 0
0.03325548435747465 0
0.03323793862773452 0
0.033219278690741115 0
0.033200610536441064 0
0.033205965925323426 0
0.03318585468983529 0
0.033166850064583614 0
0.03315107204807301 0
0.03313465787444545 0
0.033148206609015164 0
0.03316398028947842 0
0.03318193132345751 0
0.03317906053163044 0
0.03317617637915378 0
0.033170570498495006 0
0.03316706144384508 0
0.0331619235801037 0
0.03315669671241854 0
0.03315294792646183 0
0.03314898911375783 0
0.03314587000972864 0
0.0331435162931678 0
0.03311548631104092 0
0.03308368512681011 0
0.033048446718987566 0
0.03306334245195701 0
0.03307664675035524 0
0.03308624941219081 0
0.03307599838992566 0
0.03305961037410285 0
0.033044481655731525 0
0.033052210541626645 0
0.033056154269252465 0
0.03306349901696775 0
0.033079157498402144 0
0.03309071652914367 0
0.03310671597993183 0
0.03312564956678853 0
0.033126737418783976 0
0.033122896462995495 0
0.03309269029706942 0
0.0330857002438367 0
0.03308086167535183 0
0.03307589201262472 0
0.03307052838662558 0
0.033038884086204916 0
0.03300768871746531 0
0.03297530049614231 0
0.03296795520436435 0
0.032958248156940394 0
0.03294850621996148 0
0.032940047596654726 0
0.03293414625410787 0
0.03293251341965257 0
0.03293085502647065 0
0.03292832510012913 0
0.03292734613530875 0
0.03292741328800021 0
0.03292661567969542 0
0.032926831756350444 0
0.03292696964715189 0
0.03292764038196406 0
0.03293034257392236 0
0.03293232548832088 0
0.032934674321563814 0
0.03293735724222598 0
0.032941506273063824 0
0.03294503413829411 0
0.03295064567111614 0
0.032931402051473914 0
0.032911418515389576 0
0.03288872862006153 0
0.03288905981845644 0
0.032889945686184 0
0.03289162524996985 0
0.03289197458866407 0
0.03289300422482354 0
0.032895090168326445 0
0.032923203152691836 0
0.032950840371439076 0
0.0329789368014122 0
0.03300762398969619 0
0.03303612334892523 0
0.03303819301311096 0
0.03304047047910956 0
0.03304321617755332 0
0.03304585695485223 0
0.03304840506008777 0
0.03305171023128653 0
0.03305476904710498 0
0.0330593823975293 0
0.03306606357204041 0
0.03307541375914798 0
0.03308527571899501 0
0.03309922955431493 0
0.03311462784509407 0
0.03313220363743786 0
0.03312855342719495 0
0.03312560789603688 0
0.033121117047601345 0
0.03311412955205406 0
0.03313167361326897 0
0.03312353130286514 0
0.033111752040663904 0
0.03309921492569669 0
0.033085291248997874 0
0.03306901502458414 0
0.033049386820807033 0
0.033050836979204655 0
0.03305186542609565 0
0.033057614686927805 0
0.03305999840048152 0
0.033064760284522605 0
0.03307031630668349 0
0.03307629499121467 0
0.03308646934998012 0
0.03309875755131871 0
0.03311762441435413 0
0.03313884782590558 0
0.03316407427319817 0
0.03317052011220236 0
0.033152960836569094 0
0.03313414602565082 0
0.03311749142712339 0
0.03309586914817841 0
0.03308094445883038 0
0.03305423646811063 0
0.03303159115126627 0
0.03301044128495156 0
0.032983455259585286 0
0.032948129694248485 0
0.03293706793848074 0
0.032924205411921315 0
0.032904006893278034 0
0.032906192345186464 0
0.032913007745858196 0
0.032948133913548526 0
0.03298842299635522 0
0.03303013821496327 0
0.03307399134132812 0
0.033125910567766946 0
0.03317980158190269 0
0.033214869643942393 0
0.03324861431222248 0
0.033259011461276855 0
0.03327286193494273 0
0.03328563524282473 0
0.03329677133418516 0
0.03330435971887417 0
0.033311577494963 0
0.03331708492155358 0
0.033322458354725415 0
0.033325743909995535 0
0.033327856815706734 0
0.03333053786050737 0
0.03333247900256887 0
0.033332811970328086 0
0.033331708616820326 0
0.03332992939763571 0
0.033329304813255564 0
0.03332897410590424 0
0.0333273666563525 0
0.03332487768006224 0
0.03332809975633495 0
0.03332854214725593 0
0.03332889883680197 0
0.03332882845553858 0
0.0333289759320978 0
0.03332855563281154 0
0.03332706817249794 0
0.03332477075329521 0
0.03332406416817222 0
0.03332443528568973 0
0.03332359458249379 0
0.03332104469865433 0
0.03331818316413359 0
0.033317307654810654 0
0.033314251756673414 0
0.033309311930608446 0
0.03330621740831156 0
0.03330233260100572 0
0.03330254730456853 0
0.03330516760582588 0
0.03330717545030849 0
0.03328717518827491 0
0.033271624911217684 0
0.033263207932346245 0
0.033223934857008856 0
0.03318301304660889 0
0.03314321790673906 0
0.03312683724763249 0
0.03310843472342974 0
0.03308253933276801 0
0.033079550667159736 0
0.03307282246414799 0
0.033067582563845434 0
0.03306168927105279 0
0.03305440482466038 0
0.03304969219156688 0
0.033046435831833934 0
0.03304131461434624 0
0.033036165688438854 0
0.033058556937785526 0
0.03308307212017447 0
0.03311151766734246 0
0.0331441540153331 0
0.033180284595534966 0
0.03322053733940733 0
0.033267028449067135 0
0.033314963157673586 0
0.03330056768759401 0
0.033300942461243925 0
0.03330035997920275 0
0.033288919278793516 0
0.033279715316263565 0
0.033271867475962856 0
0.03328587962655424 0
0.03329447744675772 0
0.03333532968297264 0
0.03337529261236713 0
0.033412933120744885 0
0.033449688788356725 0
0.033491941814563525 0
0.033531253123209676 0
0.033568330493347176 0
0.033566831022022826 0
0.03358212427190639 0
0.033598989220736876 0
0.033617295966524983 0
0.03363942175253003 0
0.03369051567170804 0
0.033741389373276344 0
0.03373851022472751 0
0.033737998571944164 0
0.03373644370360234 0
0.033756432000378485 0
0.033767855712272546 0
0.03378047927499883 0
0.0338090472466303 0
0.03382619150109444 0
0.033839172092467715 0
0.03385098840991867 0
0.03385548595488681 0
0.03385899726595113 0
0.03386118554200151 0
0.03385782494819785 0
0.033857531827414876 0
0.03385165627334095 0
0.033845769453922286 0
0.03384885818448446 0
0.033846660319412344 0
0.033845089270023776 0
0.033845741736777415 0
0.03383898810814922 0
0.0338366948728291 0
0.03382899420400542 0
0.03382466868800728 0
0.0338209113423194 0
0.03381287821827321 0
0.03379492782480247 0
0.03377369881927315 0
0.03377984822043286 0
0.03377821957322125 0
0.033778347872643125 0
0.03377845909791985 0
0.03377381582735129 0
0.03377019828652504 0
0.03377301350657712 0
0.033766829999446225 0
0.03375806500749023 0
0.03374565655461844 0
0.03374353031906752 0
0.03374220582800734 0
0.033752010600433424 0
0.03375510230458703 0
0.033749058432725 0
0.033750927711155794 0
0.033738528829278004 0
0.033724433499710375 0
0.03371200116602536 0
0.03371382522176969 0
0.03371791297282675 0
0.03371282315039718 0
0.03373958970498817 0
0.033760059637600155 0
0.03378715763293407 0
0.03378481464561666 0
0.03378315545975966 0
0.03378204666566691 0
0.03377960918573173 0
0.033782791167223436 0
0.0337770097117413 0
0.03377526989947864 0
0.03378236835941607 0
0.033812284133246856 0
0.03381922068097925 0
0.03382557171476723 0
0.03383090334874387 0
0.033810847491071744 0
0.03378764279978236 0
0.03376362319963171 0
0.0337044050797178 0
0.033647008117875715 0
0.03358494334198605 0
0.03351896107466382 0
0.0334464244471473 0
0.03343631964056572 0
0.033407674454070335 0
0.03337712680303654 0
0.03335487282918053 0
0.03332397927419888 0
0.033293008987912875 0
0.033254680918112164 0
0.033221498407477686 0
0.0331572574732862 0
0.03308972455959274 0
0.03302450671827758 0
0.03295285084942337 0
0.03289347637683851 0
0.03282337009857997 0
0.03274953813681969 0
0.032712360257587655 0
0.03266252379000211 0
0.032636927777403714 0
0.03260796162281282 0
0.03258331882962596 0
0.03252772334765641 0
0.03247133306921632 0
0.03244367141149125 0
0.03241308607108581 0
0.03238664399381305 0
0.032337492538590376 0
0.0322926311259616 0
0.032222034232607895 0
0.03215544105259334 0
0.032123886669884576 0
0.03209889773296175 0
0.03207211050030861 0
0.03205533754409676 0
0.032042938130262724 0
0.0320333724870392 0
0.032005396416217975 0
0.03197432474542343 0
0.03194999809261725 0
0.03192577041947324 0
0.03189279391961022 0
0.03186578521955241 0
0.03183705593840836 0
0.03180453893851782 0
0.03178009174902181 0
0.03174823859998286 0
0.03171909789672961 0
0.03168187973599004 0
0.03164298068306638 0
0.0316072601922255 0
0.03157436599347219 0
0.03154426244265403 0
0.03150821584642998 0
0.03148040553913587 0
0.03145193761124679 0
0.03142422185595524 0
0.03140206511471643 0
0.03137875934871305 0
0.031350216786027105 0
0.03132946504121085 0
0.031311483725853115 0
0.03130068124081727 0
0.03128064412671038 0
0.03125739036849028 0
0.031223643992332416 0
0.031198223910307136 0
0.03118029361625656 0
0.031156097646373337 0
0.031143132017768842 0
0.031129940752307107 0
0.031118754048977286 0
0.031113685889808878 0
0.03110193140323628 0
0.03108798992971814 0
0.0310777694539882 0
0.031070081440626358 0
0.031055133496615015 0
0.03105077002335323 0
0.031041253883113788 0
0.0310126946318153 0
0.030987172968901144 0
0.030963805087897037 0
0.03092080823419414 0
0.030875584730852737 0
0.030846241166264655 0
0.030820097921974036 0
0.030796797528175844 0
0.030769242656896633 0
0.030738806319633608 0
0.03071156677262408 0
0.030679320219214157 0
0.030643191195822875 0
0.030640108449197356 0
0.03063160646331202 0
0.030625469823875533 0
0.030628280732159882 0
0.03062871548440921 0
0.030603978494224086 0
0.030604795643178837 0
0.030596091534675324 0
0.030600029291922452 0
0.030625441716115673 0
0.0306409130406455 0
0.030649616609807806 0
0.030656523120118715 0
0.030662975269236156 0
0.030673740174503004 0
0.030685254367334568 0
0.030701490916572687 0
0.03073325271697926 0
0.03077651456076881 0
0.030820791024758116 0
0.03087349080304899 0
0.03092780622225449 0
0.03093564375157024 0
0.030946800174353584 0
0.030928374475528472 0
0.03090946041466822 0
0.030890662655262968 0
0.030867607446559663 0
0.030836519518139646 0
0.030832428852664167 0
0.03082126275890012 0
0.030810255405608954 0
0.03082341856978399 0
0.030845880027929352 0
0.03084084450208874 0
0.030817660554268007 0
0.030799213744976392 0
0.030780430672547418 0
0.03074393122608041 0
0.03072319579592523 0
0.030722771651881316 0
0.03072613145391623 0
0.030717459159558067 0
0.030717716191585406 0
0.030719976000215015 0
0.03072050905998025 0
0.030724993532289035 0
0.03072761023837567 0
0.030746784643357193 0
0.030760884056555304 0
0.030814571629043674 0
0.030825032454713464 0
0.03085244874029631 0
0.03085273996996266 0
0.03085745692399479 0
0.030876403893057736 0
0.030898394415086964 0
0.03091103389183009 0
0.030907873381360033 0
0.03090498397870015 0
0.030891247596868798 0
0.03088353204578866 0
0.030866178910987453 0
0.030859834154098664 0
0.030853820637282814 0
0.030846570176915097 0
0.03082596996631168 0
0.030816854557994936 0
0.03081135027484594 0
0.03078321441495442 0
0.030744148396321207 0
0.030729896401865894 0
0.030719438852178267 0
0.030705410851282703 0
0.030692177456847356 0
0.03067984691970572 0
0.030665529625582263 0
0.030653177397064055 0
0.030633962109171062 0
0.030618419464392622 0
0.030599482305624818 0
0.03057153301506831 0
0.0305447770152331 0
0.030547790669615608 0
0.03054373990300835 0
0.03053658467329576 0
0.03055706339351871 0
0.030579687329612165 0
0.030582952232540678 0
0.030557944531919998 0
0.03057495693435313 0
0.030604023444332402 0
0.030638630525986615 0
0.030671067669502165 0
0.030689864211452374 0
0.030681281674709918 0
0.030671166160781162 0
0.0306569494418646 0
0.030648282591767766 0
0.030627072533980913 0
0.030616008146484755 0
0.03062304535961161 0
0.030611494515131225 0
0.030601779940024467 0
0.030581849456642506 0
0.03055071124499076 0
0.03052144236677825 0
0.03050842413854425 0
0.030497824495604495 0
0.030478625788468935 0
0.030459685937456515 0
0.030440245168532835 0
0.030421473811329123 0
0.030373432532125322 0
0.030331196744828894 0
0.030292426302190627 0
0.03024444445825131 0
0.03018811502769666 0
0.030185284561940053 0
0.030179923491593853 0
0.03020363564626152 0
0.030232907898675637 0
0.030238026971606068 0
0.030245802334501633 0
0.030287151439930094 0
0.03026670643199341 0
0.03025492189796868 0
0.0302432451393619 0
0.030233014896027414 0
0.030187415063661457 0
0.030169296203244766 0
0.030167001354145215 0
0.030158558476283848 0
0.03014582624166091 0
0.030154561486054554 0
0.03014317824852982 0
0.03013023101421165 0
0.03011653502748111 0
0.03011177912144018 0
0.03009902142586662 0
0.030083661938557188 0
0.030069812205965205 0
0.030049933343147355 0
0.03003413487787306 0
0.030000428907279258 0
0.02997453583909918 0
0.029906420547167765 0
0.029883122943314595 0
0.029842600352031855 0
0.029830078458908508 0
0.029814775490193422 0
0.029785397643993763 0
0.02975385329911899 0
0.029733819595568523 0
0.02972931403934864 0
0.02973082191033824 0
0.029740177034231513 0
0.029748986361221794 0
0.029744456822095748 0
0.029725591173281957 0
0.029707656354342964 0
0.02968573938597532 0
0.029676080401155124 0
0.02965935940827998 0
0.02963505611521087 0
0.029631647600412734 0
0.02964405661634255 0
0.029628150426769227 0
0.02960631097096269 0
0.029587115140238512 0
0.02956552861268233 0
0.029546989902181374 0
0.029526729339411605 0
0.029508214860227103 0
0.02948903127027128 0
0.029466639790075407 0
0.029447102674176162 0
0.029426074867237167 0
0.029409864372298453 0
0.029387110287044778 0
0.029369525275010494 0
0.029347895744964308 0
0.029327965691986497 0
0.029278384935583848 0
0.02922541611593896 0
0.029198139085530737 0
0.02914913100539191 0
0.029098574047421673 0
0.029047219875625998 0
0.02899404775491261 0
0.028965405878100474 0
0.02896632184737816 0
0.028965568342999248 0
0.02897021277436739 0
0.02894794310765227 0
0.02893064272452886 0
0.028908463965208967 0
0.02889219186763282 0
0.028875086456374773 0
0.02886410438912121 0
0.028848446925623546 0
0.028825914006895492 0
0.02880503740198222 0
0.02880782637014923 0
0.028812969679187107 0
0.0288263248023699 0
0.02881751629269201 0
0.02880535942026379 0
0.028788308848668814 0
0.028772675183867086 0
0.028747842104801885 0
0.028724909936327824 0
0.028705975536607985 0
0.028689226299314762 0
0.028637888908522414 0
0.028609181592425287 0
0.028580852601372417 0
0.028544600482160166 0
0.02853334183148478 0
0.028500379180535808 0
0.028440031488262085 0
0.028411032208279452 0
0.028377300437675928 0
0.028366902813651056 0
0.02835556723122215 0
0.028373854137430977 0
0.02836750577280281 0
0.028366413353502776 0
0.02836762444296331 0
0.028374029461551042 0
0.02837703656679589 0
0.028379426630040516 0
0.028369762387684922 0
0.02835633121896346 0
0.02834588769342801 0
0.028326333830595015 0
0.028312077529243872 0
0.028301209101284225 0
0.02829188469620675 0
0.028279230460429194 0
0.02826857068287153 0
0.028256603168744936 0
0.028246704221183788 0
0.028235807827307738 0
0.028225201854064068 0
0.028212928505693232 0
0.028196177193398658 0
0.028182752142640707 0
0.028166905528338365 0
0.028146096609722768 0
0.02812506853669321 0
0.028102650424820873 0
0.028078059823271866 0
0.028051757365091644 0
0.028043373572595027 0
0.0280409646651146 0
0.028041627653407175 0
0.028040188061253028 0
0.02804212425706023 0
0.028038928665033817 0
0.028039216312538914 0
0.028041751532885788 0
0.028037500011779425 0
0.028035831462140507 0
0.028037801942424296 0
0.028041859265923032 0
0.028043072161770332 0
0.02803997187229531 0
0.028034886409673485 0
0.028037742867325115 0
0.028035313864026773 0
0.028015259893284974 0
0.02799480521928198 0
0.02797872481575678 0
0.027986655824852047 0
0.027994142975077633 0
0.02800465877005408 0
0.028003687714786046 0
0.028010226457615972 0
0.028048894695124237 0
0.02809017322785167 0
0.028131114225202085 0
0.028170808448496853 0
0.028209565980082014 0
0.02819783211257975 0
0.02818592111897597 0
0.028168182710148298 0
0.028153082527043526 0
0.028137146217335637 0
0.028120293997785845 0
0.028127732106598427 0
0.028135723797164825 0
0.028147217798920824 0
0.028152135857296808 0
0.02814522772447383 0
0.028142654111221632 0
0.028139843068199267 0
0.028145368486905593 0
0.028154514911643468 0
0.02813604325850811 0
0.028111886271226204 0
0.028089616389787415 0
0.028089181343060887 0
0.02808905030333055 0
0.02809802948190949 0
0.028101514736323406 0
0.02810092478650409 0
0.0280921236661202 0
0.028109837968454763 0
0.028128420167086932 0
0.02815404439425486 0
0.028162618803750015 0
0.02814380900725779 0
0.028127695547721203 0
0.028136689883983646 0
0.028162809973636505 0
0.028188915136083965 0
0.028214595208262194 0
0.02821614220876893 0
0.028191175994024462 0
0.02819163122334337 0
0.028188281007809818 0
0.028184266941684025 0
0.028178023351940244 0
0.028170433305493188 0
0.028160293078563263 0
0.02814656025932013 0
0.02813815776719396 0
0.0281478667562139 0
0.028158265069315076 0
0.028168474374479457 0
0.028188014187838176 0
0.028202527928906904 0
0.028215515404745765 0
0.028227328274015036 0
0.02824509174154618 0
0.028257116727027742 0
0.02827536750617273 0
0.028293420367309287 0
0.028316968115358342 0
0.028339667161637456 0
0.028355704789439422 0
0.028381935384251787 0
0.028403892555204056 0
0.028429114904645496 0
0.028459376534351166 0
0.028466000442194102 0
0.02846853773123638 0
0.02847471021169045 0
0.02845153970671555 0
0.028455735700776842 0
0.02845791352971119 0
0.028456211332576097 0
0.02846050394533746 0
0.028459985926872336 0
0.02846204959829187 0
0.028463672802045308 0
0.02846668385617125 0
0.028472642563720174 0
0.02847921813417781 0
0.028481311520114228 0
0.02848306556141084 0
0.02848437903442513 0
0.028488589750995538 0
0.028497109929132642 0
0.02849628064578371 0
0.02850177854760715 0
0.028527526867670554 0
0.028553001077851987 0
0.028575014681799855 0
0.028576473612512896 0
0.028577864686826486 0
0.028568439473519103 0
0.028577901220609936 0
0.02857646210465785 0
0.028545313739394555 0
0.028509918206499858 0
0.028471199578275028 0
0.02843424921276782 0
0.02839403748806334 0
0.02840287256140377 0
0.028409401713526444 0
0.02841956490293347 0
0.02842433024194672 0
0.02842796358475383 0
0.028431657470738496 0
0.028431163606139894 0
0.02842730705476123 0
0.028419702828434257 0
0.028419551388326296 0
0.028425436895857345 0
0.028431550548176827 0
0.028437060390286494 0
0.028438849704123848 0
0.028438366495553435 0
0.02846213288906673 0
0.0284910490784777 0
0.028518478724769796 0
0.028521790743072283 0
0.02852767388921494 0
0.028530039495843023 0
0.028541694343735602 0
0.0285578399089767 0
0.02860721273251041 0
0.028629207677152137 0
0.028628744714376604 0
0.02862846257819349 0
0.028623681389217455 0
0.028638989189614952 0
0.02865415056066221 0
0.028641477162186 0
0.028659239676758697 0
0.02867749899656853 0
0.02867259686503594 0
0.02869459648337527 0
0.02871759607037011 0
0.028713584785868915 0
0.02868371640307399 0
0.028656776345460506 0
0.02862450951362873 0
0.02859330107385458 0
0.02856052412106298 0
0.028553537640787472 0
0.028519353097065415 0
0.028508484069116352 0
0.028497152121269395 0
0.028485032183760455 0
0.028473568694889657 0
0.028462578625933467 0
0.028448838118486683 0
0.028436539949036815 0
0.028422403311451662 0
0.02841263258629679 0
0.028396448888614735 0
0.028379685310432477 0
0.02836082772688111 0
0.028342130402299964 0
0.028330591583115485 0
0.028309438243271957 0
0.028290329194485788 0
0.028270192086651245 0
0.028247640354441356 0
0.028246753597371894 0
0.02824539480210872 0
0.02824471354840598 0
0.028269759018952647 0
0.028271360806114296 0
0.02827187884666821 0
0.02827118222387856 0
0.02827147257957484 0
0.028272621207601687 0
0.02827187617839743 0
0.02827274643428273 0
0.028246125767773946 0
0.028218926571741233 0
0.028190594906294955 0
0.02816153329524091 0
0.028120314261154234 0
0.02809619141954951 0
0.028071465172067295 0
0.02804390655577239 0
0.028015720757972158 0
0.027989760221300532 0
0.027963953126091883 0
0.027937649262945754 0
0.027906988637927222 0
0.02787626047467838 0
0.027850107551521668 0
0.027830599517974113 0
0.027806946082462907 0
0.027784924163885397 0
0.027787623461974047 0
0.02779018445256984 0
0.027798759951526978 0
0.0278074923317212 0
0.027816740077930353 0
0.027827895865845696 0
0.027815469637720507 0
0.027802703045983396 0
0.027793854000643218 0
0.027783385537573795 0
0.027778168464290414 0
0.027768388397540672 0
0.027764400555745573 0
0.0277579660297867 0
0.027751973345111765 0
0.027747035253778803 0
0.027742720918545054 0
0.027738406475134314 0
0.02773268049901537 0
0.027729056215560793 0
0.027699279188673893 0
0.027668011910873567 0
0.027660182045263756 0
0.027648758951667306 0
0.027639028133509838 0
0.02763055677103525 0
0.027617168102942402 0
0.027605468779473518 0
0.02757006355323667 0
0.027532710995849908 0
0.027514155087269464 0
0.02749074431452046 0
0.027491215723593147 0
0.02749809945298925 0
0.027501534757977723 0
0.027511653806048746 0
0.02749519791982709 0
0.02745365395442075 0
0.027434076423247526 0
0.027411003226584102 0
0.02738355405079557 0
0.027352815559958787 0
0.027373385251872957 0
0.027392951167599554 0
0.027413567215370128 0
0.027437275895144674 0
0.027462918468704266 0
0.02746647876381733 0
0.027496161767207154 0
0.027500371225411827 0
0.027506201162236583 0
0.027514222559564996 0
0.027521705043277226 0
0.0275300113130637 0
0.02753925496786663 0
0.02755025979208621 0
0.027560291962487837 0
0.02757068874807316 0
0.027582302518376796 0
0.027594317185695993 0
0.027607969479699016 0
0.027621093676721473 0
0.02763476527030388 0
0.02765013894436893 0
0.027666647605541952 0
0.02768359693451837 0
0.027700238172051705 0
0.027720244055436022 0
0.027741512594927447 0
0.027763920160189533 0
0.027788626381790776 0
0.027789623452814466 0
0.02779188708029051 0
0.02779439270611266 0
0.027794325770487172 0
0.02779607526722031 0
0.027795976682803522 0
0.027798326630609868 0
0.02782523319559995 0
0.0278515815915947 0
0.027851980999430235 0
0.0278557560347208 0
0.027869961946406074 0
0.027869768291193753 0
0.02786744661284729 0
0.027868562137090408 0
0.02787108995434686 0
0.027896036475225143 0
0.027919059615866243 0
0.027942346791409917 0
0.02797106144290081 0
0.027995864246164542 0
0.028016692863269823 0
0.028036669983554835 0
0.028056400114046424 0
0.028074944727175744 0
0.028094657600526127 0
0.02811520930095338 0
0.028108059297666597 0
0.028098536076980492 0
0.02808848780266922 0
0.028075850340523588 0
0.028085634597252624 0
0.028096884815753162 0
0.028106282440968345 0
0.028117648457502788 0
0.028121257701448892 0
0.02813016162902905 0
0.028134492214808942 0
0.028138739339655966 0
0.028145851741719508 0
0.028150745410219218 0
0.028151074602180696 0
0.028154797565798233 0
0.02815748241863069 0
0.0281605749522721 0
0.028166110277191524 0
0.028172093503966426 0
0.028152034794288176 0
0.028157548357904832 0
0.028162855391835842 0
0.028162850827255097 0
0.028190074786704863 0
0.028217209618453153 0
0.02824203338085414 0
0.028245629998668042 0
0.028254223369811496 0
0.028264041464498794 0
0.02827492247906262 0
0.028257821409372833 0
0.028270725648400497 0
0.028253686393500208 0
0.028238398117749534 0
0.028249616637490597 0
0.028285687362583207 0
0.028324447061710587 0
0.02836915552620956 0
0.028416411766349334 0
0.028440019075018114 0
0.02846737143294668 0
0.0284679356053959 0
0.028465157228043995 0
0.02848885371064658 0
0.02848616047763412 0
0.028483624440077793 0
0.02847879741026304 0
0.02847295568403154 0
0.028465091432451635 0
0.028455761418302875 0
0.028443696996267656 0
0.02843363186647947 0
0.02842175597936735 0
0.02840976516368767 0
0.028396781314275813 0
0.02838277849276959 0
0.028369879520110088 0
0.028355177111105852 0
0.02834253217840083 0
0.028319344231501113 0
0.02830441873708194 0
0.028258361207638853 0
0.028208835647885035 0
0.02816128799711206 0
0.02811014024466363 0
0.028054892238695665 0
0.028000187517573445 0
0.02794259851457139 0
0.027908079851576527 0
0.027872860510924094 0
0.02783655350644875 0
0.027797788267607502 0
0.027761128856461106 0
0.027726701530294655 0
0.02768956538692123 0
0.02768038643334543 0
0.027672454753912463 0
0.02768905323503799 0
0.027670578087643578 0
0.027661495062450792 0
0.027650746351536037 0
0.027640094259827202 0
0.02763238513546865 0
0.02761858046356469 0
0.027576483000172104 0
0.027540468037533367 0
0.027504626694550862 0
0.027467100248629864 0
0.027429672125466306 0
0.027387265980873526 0
0.027349503937564055 0
0.027337532721877705 0
0.027300156057073074 0
0.027256683625495663 0
0.02721897562447537 0
0.02720324391231022 0
0.027190504212764675 0
0.027179611127403955 0
0.02716690566375614 0
0.02715541659512964 0
0.027141997453282912 0
0.027128594749914952 0
0.02711960133368075 0
0.027113151008336656 0
0.02710679162489863 0
0.027099575168617763 0
0.027084319812180478 0
0.02707644841395152 0
0.027071500026574217 0
0.027072208270135886 0
0.027067060159367405 0
0.027065354978865013 0
0.027059907476562776 0
0.027060986424916438 0
0.027055990624407264 0
0.02705162572565001 0
0.027038165405641114 0
0.027034644714141052 0
0.027049925396169475 0
0.02702392865124946 0
0.027015495988565046 0
0.027008854347796304 0
0.027032553264660218 0
0.027054969157477682 0
0.027079457469166276 0
0.027079167959352335 0
0.02708032284472618 0
0.027053266744865218 0
0.027054532977151904 0
0.027077486485243166 0
0.027097298136381665 0
0.027068441989441864 0
0.02703681432375746 0
0.0270038510049579 0
0.026973989318493808 0
0.026939693118459927 0
0.026904259621418073 0
0.02692283153540349 0
0.0269410210947248 0
0.026931360295239418 0
0.026943550873357553 0
0.02695670014221527 0
0.026970626589062296 0
0.026983450538788745 0
0.026997223367447764 0
0.027011719053970387 0
0.027029119581577343 0
0.027042855155697904 0
0.02705753174174426 0
0.027071784185417953 0
0.02708620946029867 0
0.027100913412661687 0
0.027114205472120154 0
0.027126680974443866 0
0.027140405747844334 0
0.027163043721973743 0
0.027178289406147596 0
0.0272219530861765 0
0.027268090164241286 0
0.027317361728756755 0
0.027341654662774124 0
0.027368536072438804 0
0.027392388298823067 0
0.027418376507913542 0
0.02744324848176719 0
0.027467741368014154 0
0.02749404035447312 0
0.027524086701739624 0
0.02755152224205875 0
0.027578950968784276 0
0.0276073230446941 0
0.027607567455728833 0
0.02760772409984603 0
0.027609961835174855 0
0.027645664369815696 0
0.027673101337855527 0
0.02770028691636988 0
0.027729047183190567 0
0.02775406127083881 0
0.027785432127485035 0
0.027819835062455996 0
0.027848908758721164 0
0.02787780101631925 0
0.02790670417474278 0
0.02793533239497372 0
0.027970403426593453 0
0.02800097925908993 0
0.028005966172293957 0
0.02803692727700305 0
0.028072025639095975 0
0.02810104840858418 0
0.02810802815918286 0
0.028112207053660503 0
0.028113390302598556 0
0.028116427616511362 0
0.02812119374432379 0
0.028124750511298074 0
0.02812761643230978 0
0.028125000590660906 0
0.028120099689983708 0
0.0281160326855056 0
0.028111970262428704 0
0.028118082458901367 0
0.02811292529572229 0
0.02810611893621294 0
0.028097019279806044 0
0.02809274012454121 0
0.028083884754024284 0
0.02807489000155119 0
0.028056825296139665 0
0.02804017520501637 0
0.028022265030177608 0
0.028040025403518996 0
0.028046278704820862 0
0.028039143668164027 0
0.028023822615080123 0
0.02798806132292959 0
0.02797775390581415 0
0.02793461684592786 0
0.027889460905397546 0
0.02784438346887371 0
0.027795943478555924 0
0.027772293927620272 0
0.027748817007847325 0
0.027720155351505894 0
0.027664362821052602 0
0.027607216926298007 0
0.02759786601233026 0
0.027587315401444587 0
0.02758076818744674 0
0.027573486968609593 0
0.027570905869649436 0
0.02756767091721484 0
0.02753582810365142 0
0.027506609020601796 0
0.027479495773665714 0
0.02745374953208533 0
0.027427821089025393 0
0.027402850947059125 0
0.027379833364426957 0
0.027356731313434808 0
0.027334246563515987 0
0.027311892211439936 0
0.027290584035675483 0
0.02727013354967862 0
0.0272492409377123 0
0.02722923265796162 0
0.027208762015087797 0
0.02718983542753071 0
0.02717111701861246 0
0.02714949138943666 0
0.027129160346602513 0
0.027107716543163282 0
0.02708856633964954 0
0.02706901591245351 0
0.02704475560210219 0
0.02704671276948583 0
0.027049458708366846 0
0.027055054215203222 0
0.027059907249392855 0
0.027065697025043193 0
0.027073199019887438 0
0.02707939753197722 0
0.027086765657365428 0
0.027094122509953716 0
0.027102548529051234 0
0.027110848902062584 0
0.02712086938996028 0
0.027129975898721712 0
0.027139959379610553 0
0.02715068120302514 0
0.027161640420979075 0
0.027174075067759932 0
0.027185704659351904 0
0.02719807785396365 0
0.027211911059673605 0
0.02722484066781448 0
0.027238329845460207 0
0.027252673691263038 0
0.027268590764418055 0
0.027284506244270413 0
0.02730053043669543 0
0.02731657651255662 0
0.027332522538196936 0
0.0273484834073906 0
0.02736637799190349 0
0.027386310396747233 0
0.02738292058721488 0
0.02737891631361329 0
0.02737566024562507 0
0.027372842261690223 0
0.027367183270207165 0
0.027360706864165345 0
0.027357022741832472 0
0.027354673241658904 0
0.027349873211755905 0
0.027345968966589022 0
0.027337455380546622 0
0.02732981585744654 0
0.02732609005399266 0
0.02731913574465143 0
0.027309930790664082 0
0.027298809393855334 0
0.027285073678084068 0
0.027273625423736854 0
0.02726120910251881 0
0.027250078662384956 0
0.027237686390583236 0
0.027197595539035658 0
0.0271567391569066 0
0.0271090823928882 0
0.02708570468754649 0
0.027061036109000857 0
0.027007195292459936 0
0.026978373763396 0
0.02695086352359988 0
0.026919679137736748 0
0.02689055437150285 0
0.026885888777271202 0
0.026885162485945968 0
0.02688802388757645 0
0.02689582425490128 0
0.026907985812024807 0
0.02689770749940331 0
0.026889704384102656 0
0.026880504334428516 0
0.026871686685150407 0
0.026863284384646025 0
0.0268552193566358 0
0.026850148354395233 0
0.026846279373497626 0
0.026843456266565934 0
0.026843426267872873 0
0.02684420771776201 0
0.026847044920558037 0
0.026850087480897067 0
0.026855307553387425 0
0.026861739698080176 0
0.02686885848592637 0
0.02687732178875875 0
0.02688575095728094 0
0.026896318003730116 0
0.026906676014829864 0
0.026918481332959904 0
0.026908220328626997 0
0.026896043688243092 0
0.026884106469819005 0
0.026871968849791393 0
0.026859527914203075 0
0.026845087087550217 0
0.026831432693569635 0
0.026817638502860952 0
0.02680442509512506 0
0.02679009089126621 0
0.026775584936933647 0
0.026760095938810607 0
0.026744093478025272 0
0.026726798540762386 0
0.026710481787079996 0
0.026692356650161363 0
0.026673829545507365 0
0.026655155147811117 0
0.026635808226066225 0
0.026615715407294797 0
0.026595391180623002 0
0.02657444011884808 0
0.026554743914857397 0
0.026533729578999573 0
0.026512072672583424 0
0.026490203525856338 0
0.026467583323213195 0
0.02644417619319427 0
0.026421448733671558 0
0.026398040822095792 0
0.026373342366878504 0
0.026348450076407844 0
0.02632323593419243 0
0.026297626490035166 0
0.026271739279499818 0
0.026245186017732278 0
0.026217986800401348 0
0.026162594017487502 0
0.026106402802690068 0
0.026097775679814167 0
0.02609063625990075 0
0.02608282257710544 0
0.026076380077795263 0
0.02607052242733057 0
0.026064238554444046 0
0.026056119628536312 0
0.02604820663020007 0
0.026041108883797067 0
0.026034550624031094 0
0.0260301818909326 0
0.026024221807045795 0
0.02601742342454712 0
0.026014031730645523 0
0.02601133838809769 0
0.02601293800899618 0
0.026015833757268042 0
0.026018384581060063 0
0.026025568115246048 0
0.026034528910382704 0
0.02604827756095031 0
0.02606105668789935 0
0.026049928718456523 0
0.026040302933005317 0
0.026032052497629663 0
0.026022067020562287 0
0.02601168087020523 0
0.026001961642931882 0
0.0259921328122912 0
0.02598298090104932 0
0.026001023401189365 0
0.02599255498883584 0
0.02598244647670895 0
0.02597192915236578 0
0.025960984274984573 0
0.02594960790178171 0
0.025936622105226063 0
0.02592515385082821 0
0.025910373146575474 0
0.025894298808787457 0
0.025877708459400912 0
0.02586259073343353 0
0.025847400838111108 0
0.025831361150736608 0
0.025814895554153384 0
0.025796832261509816 0
0.025779664289002333 0
0.02576101121553809 0
0.025742883147201783 0
0.025724214148217486 0
0.02570521448573431 0
0.025684760745362672 0
0.025663475656732118 0
0.025641750566747938 0
0.02561918530266871 0
0.025597042760597644 0
0.02557301028927094 0
0.025571212392493162 0
0.025570788412931804 0
0.025569559019078168 0
0.025568421051603712 0
0.025567201020457925 0
0.02556689988933276 0
0.025565856034013464 0
0.02556530608861617 0
0.025563852544123362 0
0.025562970325544335 0
0.025561826993491046 0
0.02556314252969711 0
0.02556399213275393 0
0.025566164987007912 0
0.025569246073549313 0
0.02557300085073541 0
0.025577765088533447 0
0.025583119296084395 0
0.025589280830616856 0
0.025596460559840623 0
0.025605152636802325 0
0.025613802110733195 0
0.0256217294957361 0
0.025631379402033274 0
0.025642929826720295 0
0.02565441869614916 0
0.02566795278833041 0
0.02568086889829825 0
0.02569462859627489 0
0.025709680878506103 0
0.02572587271932597 0
0.025743426865843626 0
0.02576119746200203 0
0.025755723930939025 0
0.025748871624623075 0
0.02574233770191636 0
0.025735587181183416 0
0.02575677344215607 0
0.025777484091410178 0
0.025771802995674085 0
0.0257642355748721 0
0.025756808513484233 0
0.025751988427413292 0
0.025743157684924977 0
0.025736834595389356 0
0.025734295934430777 0
0.025727850880974124 0
0.025722078943945178 0
0.02571681984089643 0
0.025710692789255342 0
0.025702578907345914 0
0.025693266398989712 0
0.025683801101923108 0
0.025669090109122744 0
0.0256518001317498 0
0.025635687811487045 0
0.025620912803307458 0
0.025602556824207888 0
0.025580580475724868 0
0.02555630466856389 0
0.025532747376476497 0
0.025536073782371112 0
0.025539219976240906 0
0.025543588715504238 0
0.025553067327417283 0
0.025565213845288436 0
0.025578271334788204 0
0.025592198350693096 0
0.025610787279225656 0
0.025602749140959627 0
0.02562442160702923 0
0.025619382370959804 0
0.025614743816565144 0
0.02561173858001866 0
0.025606622788825046 0
0.02560199104594961 0
0.025597276253657996 0
0.02559287803157389 0
0.025589101291323656 0
0.025585793677357686 0
0.025580945550604018 0
0.02557545011275074 0
0.02556849202256033 0
0.025561740138826044 0
0.025555114123920145 0
0.025547372020036947 0
0.025540620430300785 0
0.025532660153161676 0
0.025524917740205322 0
0.02551642385892741 0
0.025508367669655134 0
0.025500799247900944 0
0.025493442932858122 0
0.025484826255393462 0
0.025475616915613272 0
0.025467514382315197 0
0.025459599760510935 0
0.025451097004556503 0
0.02544295279483095 0
0.0254341507003704 0
0.02542607645353944 0
0.025418564355623313 0
0.025410215492667414 0
0.025401543822325918 0
0.025394004929525503 0
0.02538675914210606 0
0.025379094849622842 0
0.025369198823728043 0
0.025359889603170146 0
0.025349740564218688 0
0.025339061639607155 0
0.025327463534056106 0
0.025315463975709118 0
0.02530236272554337 0
0.025289557254634193 0
0.025276263414065216 0
0.02526207683564193 0
0.025247668586352037 0
0.02523346410763284 0
0.025219878182401227 0
0.02520591650102346 0
0.025193002797189303 0
0.025178669916394846 0
0.025165467592180225 0
0.02515220446349889 0
0.02513938876351517 0
0.025126003648377228 0
0.025112398453862428 0
0.025098996079420385 0
0.025109533114469767 0
0.025122549901305875 0
0.025136627998833268 0
0.025152402281346367 0
0.02516865898593821 0
0.025160008191859637 0
0.02517936659614404 0
0.025177883098629006 0
0.025175645684883147 0
0.025167500964754855 0
0.025166096119887023 0
0.02516481267509277 0
0.025158601734187293 0
0.025157464375218694 0
0.02515479296211314 0
0.025150119199302132 0
0.025147779963781224 0
0.025145731237734444 0
0.025144646148952354 0
0.025145177503269237 0
0.025147566201073574 0
0.02514840918983901 0
0.02514847854537339 0
0.02514593950740993 0
0.02514453697008144 0
0.025143609658261016 0
0.025141926008005067 0
0.025140248995017773 0
0.02513578183803311 0
0.025132300591349757 0
0.02512716643205403 0
0.02512315197400225 0
0.025118577311347704 0
0.025114978809460124 0
0.025113203570760207 0
0.025107741749262828 0
0.025103790648475593 0
0.02510515715182408 0
0.02512826463142257 0
0.02515286981304268 0
0.02515134074321831 0
0.025151841081748 0
0.02515715902364459 0
0.025157684960836004 0
0.025158876383867018 0
0.025159714823881477 0
0.025159976959769535 0
0.02516112115583386 0
0.025161608054318642 0
0.025161552756636164 0
0.02516098198285965 0
0.02516087636611838 0
0.025161742228888218 0
0.0251612752032896 0
0.025161751404261433 0
0.02516134244439147 0
0.025161875955386593 0
0.025161972877444726 0
0.02516187598789535 0
0.02516193331896875 0
0.02516240178313315 0
0.025163976607459455 0
0.025165044958251552 0
0.025165042675984725 0
0.025165734961195542 0
0.02516684822238026 0
0.025168597125083583 0
0.02517009002275083 0
0.025170637349408585 0
0.025172906251788023 0
0.025174885158477232 0
0.02517622848611976 0
0.025176988206116968 0
0.0251775475455964 0
0.025179038180454777 0
0.025180342782781272 0
0.02518263092996894 0
0.025184597566407726 0
0.02518837197259107 0
0.02519288108739097 0
0.02519914958479939 0
0.025205487284653903 0
0.02521291795076844 0
0.025221753084216123 0
0.025231621952803516 0
0.025242067723727984 0
0.025252664485278537 0
0.025263952365025356 0
0.025275443139467283 0
0.02528758532112393 0
0.02530003309799033 0
0.02531287685209984 0
0.025303208565453414 0
0.025290386452853676 0
0.02527669849683388 0
0.025262425116351694 0
0.025247530875595996 0
0.025231295349682287 0
0.025213724517076593 0
0.025195303021562282 0
0.02517644891949083 0
0.02518202072810891 0
0.02518593127388735 0
0.02518625511874198 0
0.02518843015765689 0
0.025191441064904965 0
0.02519257051823429 0
0.02519361658427801 0
0.025195111822492455 0
0.025197000303551067 0
0.0252002162206306 0
0.02520240537192024 0
0.025206295359022288 0
0.025211196928255068 0
0.025213290221927625 0
0.025215821125936354 0
0.02522002361740834 0
0.025226112332769068 0
0.025235080873913882 0
0.02524801762594765 0
0.025262736020521665 0
0.02528096846905247 0
0.025301544966785123 0
0.025327244929034064 0
0.02532694226993488 0
0.025326617420010654 0
0.02532533222412899 0
0.025322030210285944 0
0.02531697142527083 0
0.025309335688330246 0
0.025299785018505227 0
0.02529066960502908 0
0.025304760611974623 0
0.02528644867001619 0
0.02527261198003287 0
0.025260596768636956 0
0.02527421968084027 0
0.0252885681381084 0
0.02530020074784335 0
0.025316387149616187 0
0.0253338685017796 0
0.025352301867982315 0
0.02537010560182969 0
0.025386460869295167 0
0.02540288790027623 0
0.0254199425047064 0
0.02543617574749575 0
0.025451078765100422 0
0.025465361803018526 0
0.025480327747451216 0
0.025496513500641055 0
0.025512676938769782 0
0.025528922331355373 0
0.02554663916668851 0
0.025565498864012742 0
0.02558613748894731 0
0.02560901973448038 0
0.025631816204922934 0
0.02565734083078389 0
0.02565713402514178 0
0.025656351243790468 0
0.025655732911043498 0
0.025655346063821353 0
0.025655509590161284 0
0.02565506129915017 0
0.025654585563879926 0
0.025654067749620178 0
0.02565372755645639 0
0.025653756748830473 0
0.025653769757782056 0
0.02565290937633933 0
0.025652272011816687 0
0.025650586716600424 0
0.025649311626131918 0
0.025647277133655465 0
0.02564358036355325 0
0.02563895185711132 0
0.02563303841105623 0
0.025626181886969926 0
0.025617756019585585 0
0.025607915666509013 0
0.025595949213745427 0
0.02558300610656151 0
0.025569027650825252 0
0.025555342150000413 0
0.02554250381881823 0
0.025529461907653733 0
0.025516996722526723 0
0.025527733660954805 0
0.025543317583807394 0
0.025560908274372022 0
0.025580336874077868 0
0.025601453742037164 0
0.025624688406135503 0
0.02565085516315426 0
0.025652876836589882 0
0.025653497480380504 0
0.025655393850995394 0
0.025657540509974222 0
0.025658918139775052 0
0.025660517710662974 0
0.025663855040029427 0
0.02566748653448788 0
0.025670503392616978 0
0.025674076355835965 0
0.025677625841733553 0
0.02568166487211095 0
0.02568651176641232 0
0.025691257379474773 0
0.025696317896596287 0
0.02570282255564904 0
0.02570694943015986 0
0.025711778738433586 0
0.025740375571836775 0
0.02577084847484578 0
0.025802447255201307 0
0.025837883205479917 0
0.025850680174435068 0
0.02586666213162549 0
0.02588426289052719 0
0.025928505128326375 0
0.02597598093883365 0
0.02603033766709805 0
0.026050315377733214 0
0.026094425332408813 0
0.026143140651113308 0
0.02619148695949312 0
0.026240366769940626 0
0.026269210386532106 0
0.026269441362778357 0
0.02626889090816707 0
0.026265078931450008 0
0.026256339402460506 0
0.02624416960189601 0
0.02622597154626791 0
0.026206511463735566 0
0.026208966347251034 0
0.026210233149231505 0
0.026212069426589383 0
0.0262139541060841 0
0.026215414749484973 0
0.02621809537564293 0
0.026223115779958884 0
0.026231293917555083 0
0.026240305383104914 0
0.02624982769785133 0
0.026259289974307525 0
0.02626926661892182 0
0.02628063133400198 0
0.026292302693054697 0
0.02630409221452041 0
0.02631544175894743 0
0.026302234976030837 0
0.026286251188761798 0
0.0262674997107833 0
0.026274667398921234 0
0.02628208786218737 0
0.0262899840472773 0
0.02629819478592961 0
0.026305851368588883 0
0.0263151544950793 0
0.026323209008085574 0
0.0263311452632669 0
0.026339093509383363 0
0.026347070874764074 0
0.02635539077379873 0
0.02636401893838899 0
0.02637249056268596 0
0.026380377652497698 0
0.026388326480346273 0
0.026395137860029033 0
0.02640262585158987 0
0.026409645025048365 0
0.026416740424580597 0
0.026423749319359213 0
0.026431765298481284 0
0.026440910683041788 0
0.026453280300180286 0
0.026466703858020094 0
0.026481130785057847 0
0.026496141615705536 0
0.026511815256884588 0
0.026528457492211804 0
0.02654503126630008 0
0.026562298052210057 0
0.02657991775767739 0
0.02659732150413898 0
0.026591983438598386 0
0.02658165302711092 0
0.026569126343985942 0
0.02655432080955114 0
0.026563652153361306 0
0.026574273680894097 0
0.02658447346854312 0
0.02659395910746518 0
0.026604844720082666 0
0.026614791578981233 0
0.026624334510511247 0
0.02663385567034247 0
0.026643962450350965 0
0.026651916128009146 0
0.026660907652988845 0
0.026668734084349232 0
0.026675714476913658 0
0.026681848834565303 0
0.026688071651988457 0
0.026696948261086064 0
0.026708737703632763 0
0.02672335794357628 0
0.026716638752592718 0
0.026711830237952577 0
0.02670353231670264 0
0.026693766725656362 0
0.026677108630141638 0
0.026654325878255124 0
0.026626326290294072 0
0.0265970550829147 0
0.026562032716652202 0
0.026521646833609004 0
0.026514085586564307 0
0.026483179234724555 0
0.026446722478289355 0
0.02640926435604563 0
0.026371394897784672 0
0.02632820712909962 0
0.026311789545378664 0
0.026320539385628287 0
0.026330016257922462 0
0.02634507701997391 0
0.02636583063898557 0
0.026391908174641755 0
0.026422793105726615 0
0.026432324741074077 0
0.02644433877966093 0
0.026457717281423217 0
0.026473465787954332 0
0.026492158414380674 0
0.02651372684646127 0
0.026508467365563844 0
0.026500666167782898 0
0.026492610107163105 0
0.026484964518894163 0
0.026476158586498547 0
0.02646617005427133 0
0.026453983157501935 0
0.026439934759979203 0
0.026424994938297756 0
0.02640824137041471 0
0.026414499453180956 0
0.026422293042895666 0
0.026430600636076745 0
0.026439841716181415 0
0.026449639657638906 0
0.026458952248617183 0
0.02646802327006301 0
0.026477666778854513 0
0.02648632653786265 0
0.02649614457965328 0
0.02650636726664624 0
0.02651672828631176 0
0.02652732326307837 0
0.02653796238576708 0
0.02654978582364178 0
0.026564085906218067 0
0.026580618604131585 0
0.026598594141138562 0
0.026618614720092863 0
0.026640583648773253 0
0.02666544997989574 0
0.026692229836663337 0
0.026720804825931636 0
0.026750182120989317 0
0.026780696621648496 0
0.02681128335234283 0
0.026818484039168162 0
0.026821308632504308 0
0.02682158081561698 0
0.02681934374401963 0
0.026816299129792512 0
0.026812579420435436 0
0.0268058805312931 0
0.02679789747568587 0
0.026788068970129027 0
0.026799151048657644 0
0.026812833310641663 0
0.026827738755212865 0
0.026842003304496702 0
0.026855782271420037 0
0.02686908004801734 0
0.026882358466558086 0
0.02687005653771493 0
0.026882353873569725 0
0.026895547654480025 0
0.02690905645094416 0
0.026922415723617664 0
0.026935792981704634 0
0.026950795857115527 0
0.02696427510573362 0
0.026979931384286115 0
0.026998697871789976 0
0.02701739723915069 0
0.02704080166241452 0
0.027064428646565896 0
0.027093024537651993 0
0.027117852278170946 0
0.027112429380722104 0
0.0271028587771211 0
0.027092339342351713 0
0.02707668003405138 0
0.027087817307113952 0
0.027097765438201204 0
0.02710705547117194 0
0.027118068994352634 0
0.02713069231115435 0
0.027137479795561092 0
0.027148920227112083 0
0.027160168416214773 0
0.027173228896866485 0
0.02718572979479895 0
0.027198056714711604 0
0.027211654780179843 0
0.027227749472817718 0
0.02724670284929669 0
0.02726813002068058 0
0.027289786066090244 0
0.02731266560181292 0
0.027336812562889227 0
0.02735975580464078 0
0.02735540606679148 0
0.02734779724957393 0
0.027338113452112928 0
0.02732730946515075 0
0.027313943982135557 0
0.02729688192645285 0
0.027305368880074916 0
0.02731415621659194 0
0.027323111049900504 0
0.02733135961952566 0
0.027340381454225605 0
0.027350385733394728 0
0.027361231254359113 0
0.027373252019539586 0
0.02738496847009546 0
0.027397023256868856 0
0.027409527426627504 0
0.027422773899593217 0
0.027436097371528124 0
0.02744935088141561 0
0.027462158007955966 0
0.027474973301497705 0
0.02748799348751687 0
0.02750145241467362 0
0.02751644803418698 0
0.027532612341673143 0
0.027550204559599514 0
0.027570483915773464 0
0.027592510414813302 0
0.027616439216985082 0
0.027641034180143513 0
0.027664913343823826 0
0.02768950328767541 0
0.027714327146275183 0
0.027714537974134406 0
0.027710321658123472 0
0.02770355460125764 0
0.02769500301297913 0
0.02768517769470153 0
0.027672820902336907 0
0.027658674128233047 0
0.027643107796175813 0
0.027648818470277742 0
0.027657412562775707 0
0.027667363445909948 0
0.027677146717373695 0
0.027685545544528952 0
0.02769338711976494 0
0.027700884521845704 0
0.02770806501042203 0
0.02771526881522659 0
0.02772206199345356 0
0.027729042176527087 0
0.02773520666785158 0
0.02774157322116617 0
0.027747571316797285 0
0.027753697818871007 0
0.027735858080139505 0
0.027745954222271677 0
0.027760662507237452 0
0.027775740178460462 0
0.027792413252329184 0
0.027812554030708786 0
0.02783590465196848 0
0.027863436408265208 0
0.027868153341898863 0
0.027868802525031555 0
0.02786584904460619 0
0.02786339033928262 0
0.027858008302519853 0
0.02784819942344227 0
0.02783106882109316 0
0.02781541856723068 0
0.02782603317775275 0
0.027836367919983566 0
0.027845388443190434 0
0.02785356860317175 0
0.027862896060614074 0
0.027876149620181173 0
0.027889935444302547 0
0.02790517084042086 0
0.027924526511759928 0
0.027953461622078818 0
0.027979793736347458 0
0.028009621842446143 0
0.02801460238969273 0
0.028017460870304052 0
0.0280192681149297 0
0.028022654236793447 0
0.028023036624414237 0
0.027997045022106554 0
0.027991477110594673 0
0.02798426072328734 0
0.027971794156629284 0
0.027954007134165994 0
0.027936322607216887 0
0.02794448289760321 0
0.027952636881626417 0
0.027961236706059666 0
0.027968452529232024 0
0.02797648533523357 0
0.027986469703522934 0
0.027997095957109752 0
0.02801064430097946 0
0.028025355846765986 0
0.028042050638312437 0
0.028061245611028792 0
0.028083271848716517 0
0.028106969039579505 0
0.028132742862413584 0
0.028134574524486963 0
0.028134280136174698 0
0.028134629198302178 0
0.028134916634563516 0
0.02813478531728929 0
0.028134515914129354 0
0.028134407911908636 0
0.028133316943948095 0
0.028131458224640114 0
0.028128522192674754 0
0.028124376619624504 0
0.028118796867469032 0
0.028111369349948647 0
0.028100833724089228 0
0.028088237936738876 0
0.02807380246330061 0
0.028056654455325306 0
0.028039191916061797 0
0.028018927774566403 0
0.02799992900519677 0
0.028006966124030395 0
0.028018141588384032 0
0.02803290862118743 0
0.028050915414658626 0
0.02807011797530328 0
0.02809290393589089 0
0.02811942749309844 0
0.02811163947608215 0
0.028110032773892527 0
0.028108397371948136 0
0.028104863732584532 0
0.02807652181097205 0
0.02804715882431319 0
0.028043915133475688 0
0.028040346251619573 0
0.028042086453918064 0
0.02803517664016986 0
0.02803116868409713 0
0.02800090883444394 0
0.027969407088270542 0
0.027943280175014244 0
0.027916180662585357 0
0.027882824283373527 0
0.027876559289948668 0
0.027874017144686465 0
0.027866799964810705 0
0.02786398909168621 0
0.027862369073968128 0
0.02786182015656176 0
0.027859333346309006 0
0.027832591436733386 0
0.02782524963632107 0
0.027820195743936592 0
0.027815864925477843 0
0.027815490506496336 0
0.027809703316281416 0
0.027802414033883296 0
0.027800027414444126 0
0.027795511611369183 0
0.02779344111069191 0
0.02779510071918991 0
0.02779675221310423 0
0.02780672573723837 0
0.02781711701348481 0
0.027832309410152866 0
0.027844163153026708 0
0.027858661522567586 0
0.027869879323459478 0
0.027884485814348926 0
0.02792716079962419 0
0.02797225739343944 0
0.028037823676297913 0
0.028091265283305245 0
0.028156597064165532 0
0.028226093603928103 0
0.028301485940700685 0
0.028333879947974473 0
0.028366534653213833 0
0.028373934174243248 0
0.028404834981589747 0
0.028395477214228554 0
0.02838583932372785 0
0.028368919500017135 0
0.028346590885996028 0
0.028317278749606104 0
0.0282810465954571 0
0.02824464605497423 0
0.028228348997877 0
0.02818552922860706 0
0.028139599661040574 0
0.028112954176524343 0
0.02808745371272462 0
0.028052313594011967 0
0.028022040392736147 0
0.027984028641369885 0
0.027942787580180227 0
0.02792532713132136 0
0.027911744038275465 0
0.027898500134262847 0
0.027886343262495547 0
0.027876945110103715 0
0.027871305751291018 0
0.027867982130819573 0
0.027873495925470806 0
0.02787741258290538 0
0.0278849305291405 0
0.027892650013685797 0
0.027875558585078637 0
0.02786581255441782 0
0.02785128446095772 0
0.0278359675123612 0
0.02782130753847741 0
0.027806842714774162 0
0.027791837578766604 0
0.027779335322864817 0
0.027754586309606793 0
0.027736193096737666 0
0.027713468903421003 0
0.027685885455947887 0
0.02765593208002711 0
0.027623252503293498 0
0.027585923871023623 0
0.027546444520175718 0
0.027538231595807563 0
0.027524041622181517 0
0.027510109481360758 0
0.027497252150898575 0
0.02751059149830803 0
0.027526650279751378 0
0.02751799304486686 0
0.02751211849924403 0
0.027501588322860277 0
0.027500928429376927 0
0.027499802478144608 0
0.027526365074572123 0
0.027557425667543874 0
0.02758479229065994 0
0.027586946765783736 0
0.02759479918712494 0
0.027598539856264537 0
0.027602630655230647 0
0.027601392981414362 0
0.027569293481704026 0
0.027533973831502436 0
0.027496706306669682 0
0.027455107978548506 0
0.02743422686556046 0
0.027418122526875692 0
0.0274032799183079 0
0.02738830291442428 0
0.027367302883265936 0
0.027354242796888615 0
0.02734290077285649 0
0.02732848213874445 0
0.027316713748657632 0
0.027304800083947176 0
0.027288536814197396 0
0.027280234088281615 0
0.02726945499097968 0
0.027260032634627278 0
0.027247586453662303 0
0.027267619527354934 0
0.027289315608347665 0
0.027314648354896415 0
0.027306230815342877 0
0.027269726586248048 0
0.027205388000383728 0
0.02716545259764259 0
0.02714446824878965 0
0.02711190189066695 0
0.027073387504406576 0
0.027030110033108304 0
0.027002867765454755 0
0.0269493946920938 0
0.02692025507059254 0
0.026866921139906224 0
0.026854216243341934 0
0.026836265555469703 0
0.026822734103855293 0
0.026814847574983702 0
0.026838830869037825 0
0.026871179463322202 0
0.026906253236059392 0
0.026921661067982283 0
0.026963586192176613 0
0.027008369689900884 0
0.027033470563891285 0
0.027058313411054694 0
0.027064591286907067 0
0.027061376814416987 0
0.027062888077956693 0
0.02706363777438363 0
0.02706393809287945 0
0.027061653743668923 0
0.027057293835658303 0
0.027051296405897526 0
0.027042461729289688 0
0.027029892362450035 0
0.02701484091425571 0
0.02699194137596911 0
0.026970570044438084 0
0.026945755026618088 0
0.026920285538926947 0
0.026919337434390966 0
0.02691140335751093 0
0.02690879535498409 0
0.026908479192656876 0
0.026909556124723615 0
0.026913947548117767 0
0.026920617625639486 0
0.026927740589453065 0
0.0269467387992675 0
0.0269597756337288 0
0.02697876009841106 0
0.026974395332706506 0
0.026968588620976577 0
0.02696351960939005 0
0.026960905387667492 0
0.02695564828371193 0
0.02695332486801859 0
0.026950376564142946 0
0.026947822050717368 0
0.026945628391658077 0
0.026942512510058143 0
0.026937538246626966 0
0.026930809557790064 0
0.026921844248495832 0
0.026911934127966292 0
0.026900494218921166 0
0.02688712263600488 0
0.02687356610641667 0
0.026858497292155198 0
0.026844124043705515 0
0.0268342561045349 0
0.026827166637049843 0
0.026824606686841106 0
0.026820135306187418 0
0.026826840716772663 0
0.026836436305494822 0
0.02684152330096099 0
0.02684570920827201 0
0.026852829811213844 0
0.026858352072756667 0
0.026864421348068757 0
0.026872930253628545 0
0.026880429420981875 0
0.02688810471915242 0
0.026893657355031013 0
0.026901550164081318 0
0.026907090572520203 0
0.02690753592713689 0
0.026910924779833343 0
0.026921396059426478 0
0.026928574477391116 0
0.026936390542167083 0
0.026944841920758807 0
0.02695798712739787 0
0.02693659925219232 0
0.026893425317147193 0
0.026844446708652842 0
0.02682297718651076 0
0.0268245992564353 0
0.026852760539623412 0
0.026859638240712556 0
0.026864070009386846 0
0.02686840969734699 0
0.026874278488131117 0
0.026878379442315494 0
0.026911435316535014 0
0.026919282645483333 0
0.026925581882221414 0
0.02692938644645124 0
0.026935913557716937 0
0.026943597758242326 0
0.026953022854594312 0
0.026963501781407925 0
0.02694943990316274 0
0.026945214210572086 0
0.02695553741784691 0
0.026962036966891756 0
0.026970203864973823 0
0.026982673427605373 0
0.026990545645433645 0
0.026966669658877004 0
0.02696904193038963 0
0.02697392120647038 0
0.02697502594007257 0
0.026978969190028654 0
0.026978281577997674 0
0.02698342270732848 0
0.02698788229744774 0
0.027004995988138502 0
0.027016964612252187 0
0.02701683153284325 0
0.027016997102835238 0
0.027018999734716727 0
0.027022908436680253 0
0.027026159814660083 0
0.02702853980246453 0
0.027032423695913375 0
0.027035733031940505 0
0.027040020456276206 0
0.027043626928390123 0
0.027047401074422283 0
0.02704994796552813 0
0.027051900376072358 0
0.027053849778104863 0
0.027053664147081474 0
0.02705162369256859 0
0.02704965608758616 0
0.027073079519984757 0
0.02706994050978319 0
0.02706813592098266 0
0.027064679302026783 0
0.027060245718113794 0
0.027058322094921632 0
0.027054720471092444 0
0.027052198051176805 0
0.02704365615055481 0
0.027039175852832532 0
0.027034193904287695 0
0.027028564869973296 0
0.027025367429325268 0
0.027017252366709474 0
0.027012270797374546 0
0.02700349235686009 0
0.027001212342956226 0
0.026994339789562043 0
0.026980145235397383 0
0.026991646882543494 0
0.02700312970737579 0
0.027012063991792505 0
0.02702181392091821 0
0.027027172423320787 0
0.027059086759887455 0
0.027081875871279158 0
0.02711953618067383 0
0.0271348523904764 0
0.02715167115130983 0
0.027170691068066254 0
0.027190117700632645 0
0.027209737270245532 0
0.027233154001300233 0
0.027257073052589453 0
0.027281047727926288 0
0.02730210520740231 0
0.027329346005958287 0
0.027356953539790178 0
0.027380943291998264 0
0.027402577876154615 0
0.02740981609429591 0
0.027429133907084447 0
0.027445792060480714 0
0.02744336110384965 0
0.027473242153174867 0
0.027525761748729005 0
0.027588427373995042 0
0.0276271108223837 0
0.027681557681194024 0
0.027763446106762797 0
0.027882119793892452 0
0.02801742048970831 0
0.028154803490344743 0
0.02828609909042765 0
0.02840761643158001 0
0.02854734563146316 0
0.02867967987920687 0
0.028810536766736262 0
0.028931488791507264 0
0.0290678437040057 0
0.029205439794079288 0
0.029338206242190506 0
0.029468747817447894 0
0.029587090759614937 0
0.029686875994950377 0
0.02978713507600713 0
0.029884870553434577 0
0.029974407112689436 0
0.030068862139535444 0
0.030191981264321825 0
0.030317445350484484 0
0.030414826816854493 0
0.030509412546170143 0
0.030600434823168952 0
0.030701505532720906 0
0.030799126547777618 0
0.03088755290201637 0
0.03096500440478065 0
0.03104489973799469 0
0.031135373893912143 0
0.03120982395441688 0
0.031268935442761395 0
0.031330546160732164 0
0.031390656019378994 0
0.03145136671966166 0
0.03151124275369947 0
0.031568978177044425 0
0.031625978583051426 0
0.03168519351801802 0
0.031721677823672294 0
0.031753591428657676 0
0.03181015402124377 0
0.03186883874024325 0
0.03192865163040897 0
0.031984360503749955 0
0.03204306402730446 0
0.032078982239692376 0
0.03214237555726905 0
0.03220148180752562 0
0.03225907050665249 0
0.0323215565166008 0
0.032379903027841175 0
0.03244187103751482 0
0.032481351255718806 0
0.03251846740919211 0
0.03254745666471432 0
0.032586215916003025 0
0.03262575042411624 0
0.032662104443530085 0
0.03270329282435291 0
0.03273836880439601 0
0.032774731403855555 0
0.03280791289111593 0
0.032843363063996524 0
0.0328891539272547 0
0.032936320798514426 0
0.032973915990934764 0
0.03302257362826193 0
0.03306873952372921 0
0.03311969678850243 0
0.03313846170071178 0
0.03317092251303269 0
0.033195209858702404 0
0.03323594947438515 0
0.03327604605039849 0
0.0333108925926841 0
0.03334600676755111 0
0.03338624676788934 0
0.033429910916397555 0
0.03345794798838152 0
0.03349555362013867 0
0.03353953244692768 0
0.03358201497180583 0
0.03362221373377136 0
0.03366075182232133 0
0.03372643328808282 0
0.033781725851548886 0
0.03382360984563791 0
0.03386180087091055 0
0.033933505927461506 0
0.033996822135240995 0
0.03404026129890636 0
0.034076892461520916 0
0.034086537068902106 0
0.03405920419682176 0
0.03404906121827149 0
0.033999867413056536 0
0.03393644079344206 0
0.033872157034786764 0
0.0338167928015001 0
0.03376824983172051 0
0.03372247680631481 0
0.03369478029915989 0
0.03366878864696522 0
0.0336519237545957 0
0.03362398408880295 0
0.033591816756664394 0
0.033553927259970834 0
0.03352970523912565 0
0.03350401084139091 0
0.03347482641244756 0
0.03343818655689489 0
0.03340912490540711 0
0.033385882611524455 0
0.03335678037220802 0
0.033333020264104354 0
0.03329361952082018 0
0.03329558878236051 0
0.03330359996708886 0
0.03331390941293869 0
0.03329761927414536 0
0.033254545686600134 0
0.03321628056528208 0
0.03317604026909611 0
0.03316165206950479 0
0.03315007484420022 0
0.03315467470372102 0
0.03316986983627004 0
0.03318334988777187 0
0.033197944214133 0
0.03321281832630678 0
0.033229736656426916 0
0.033246969126379686 0
0.03326379090145821 0
0.033276166742657216 0
0.03330698037280841 0
0.03334497552441897 0
0.03335585875410422 0
0.033360099026896836 0
0.03336319794184962 0
0.03336266171086507 0
0.0333638213292429 0
0.03338850254552433 0
0.033419012523912994 0
0.033450265262235324 0
0.03348501579268784 0
0.03352046694800574 0
0.03355840441027337 0
0.03359886037595466 0
0.03365953621340114 0
0.03373282165442448 0
0.03381274254107133 0
0.03388502680777277 0
0.033929006783592675 0
0.03397191206150917 0
0.034015017517740165 0
0.03405927484430393 0
0.03410679111300773 0
0.03415425544618796 0
0.03417362178697655 0
0.03419000648946716 0
0.03422748164306183 0
0.03427090414837781 0
0.03430352120856451 0
0.03433223966966594 0
0.03436295861413172 0
0.03439052167385149 0
0.034418503635144246 0
0.0344384664351528 0
0.03446578739928173 0
0.034494449842456726 0
0.03451678235545735 0
0.0345427547650886 0
0.03456677902724789 0
0.034583273427080945 0
0.034616256968783524 0
0.034642402686929946 0
0.03469077978393331 0
0.03474233229020652 0
0.03477077061289785 0
0.034800415968580425 0
0.03480642274135906 0
0.03483618828237674 0
0.03486890206465735 0
0.034899408445896354 0
0.03489664010921905 0
0.03487902200996166 0
0.03485408984136121 0
0.03483173200827965 0
0.03483575063832203 0
0.03485926764660069 0
0.034860640905496704 0
0.034865582617232355 0
0.034871914000831034 0
0.03487295842264234 0
0.03487668766164283 0
0.034878863783470465 0
0.034889414182676375 0
0.034888705229743924 0
0.034867022088269785 0
0.03484381541681041 0
0.03482020548804754 0
0.034822871620842986 0
0.03483430891255122 0
0.03483251396599059 0
0.03483367217487099 0
0.03483887803234876 0
0.034854227116567486 0
0.03486089339823511 0
0.03486355780782786 0
0.034871751157388296 0
0.034875449998907765 0
0.03489122627014896 0
0.034893848001008455 0
0.034898363687942274 0
0.03490349943101231 0
0.03493209402637282 0
0.03498728751679314 0
0.035049630490275104 0
0.035085247808824944 0
0.035097792176206837 0
0.035108295246140654 0
0.03511830847244133 0
0.035130884930906166 0
0.035140807020244844 0
0.035152197806540275 0
0.0351641892510673 0
0.0351726127834672 0
0.03518361890629813 0
0.035194883866907986 0
0.03520816333911183 0
0.03522351760461766 0
0.0352352832745689 0
0.03524745657349134 0
0.035262144857680915 0
0.035276265302894926 0
0.03529682902799077 0
0.03530910621145921 0
0.03532043322162419 0
0.03532584493410844 0
0.035333532329113834 0
0.03534013744339797 0
0.03534298767642513 0
0.03534435151919113 0
0.035342411584580014 0
0.03534284151420139 0
0.03533950950297337 0
0.03533493618275202 0
0.03533026273925949 0
0.03535566534475516 0
0.03538467930657954 0
0.035415442552955166 0
0.03545039562694991 0
0.035485998564154575 0
0.03551905899888282 0
0.03558276766676004 0
0.03564594542969481 0
0.03565746504396954 0
0.035669904117576236 0
0.03565416233171473 0
0.03564086454850557 0
0.035621178359444484 0
0.03563300803908465 0
0.03564333792698353 0
0.03565497917826413 0
0.0356626758905279 0
0.035666809473687125 0
0.03568216587107487 0
0.03569027920070367 0
0.0357019818705196 0
0.0357140321349668 0
0.03572318693191194 0
0.0357279757178405 0
0.03570634726451446 0
0.03568192009776917 0
0.03567698945459955 0
0.035671728130404014 0
0.0356582918273403 0
0.03564866196224696 0
0.03563824266099774 0
0.035627807197943166 0
0.03564420815856069 0
0.03566942695627632 0
0.03570197351737666 0
0.03573030567509423 0
0.035767835892315025 0
0.03578106225298655 0
0.035765738599582104 0
0.03574741387376994 0
0.03572557910502615 0
0.035732564235083995 0
0.0357336445045442 0
0.035738731016728836 0
0.035717572440314975 0
0.0356946442282948 0
0.03569516670557898 0
0.03569584824279257 0
0.035694485323570314 0
0.035694623916013406 0
0.03569672688590417 0
0.035698074090150786 0
0.035699138539325485 0
0.03570015276550418 0
0.035699502357385414 0
0.03570071190749124 0
0.03569522872628006 0
0.03569326540381766 0
0.03568836864004593 0
0.03568432699407975 0
0.035677466996548744 0
0.03567152190812212 0
0.03566477205389025 0
0.03565654458908696 0
0.035648520109896914 0
0.03563906820109077 0
0.03565144471539718 0
0.03567117616681785 0
0.03569408196712622 0
0.03571701597379001 0
0.035741250647505184 0
0.035766703670645626 0
0.03579333451919531 0
0.03582083441887825 0
0.03584798495832847 0
0.035879930188422865 0
0.0358592026213707 0
0.03584155578683974 0
0.03584592133499399 0
0.035846691907496564 0
0.03584819634341318 0
0.035851233561342406 0
0.03584919279926115 0
0.03584196494286035 0
0.035841117974686115 0
0.03581468669286655 0
0.03581442677119957 0
0.03581101305261122 0
0.03580924600852443 0
0.03580850113407849 0
0.03580698340891583 0
0.035804164577834245 0
0.03579930706874254 0
0.035794589138857524 0
0.03578824066932058 0
0.0357813316882489 0
0.03577372672856176 0
0.03576350192211164 0
0.03575298298316032 0
0.03574152664582157 0
0.035728153491144346 0
0.035712573596390476 0
0.035697682453855406 0
0.03567851202211236 0
0.03568660328074503 0
0.035697216647371945 0
0.035732650823762514 0
0.03577839640000513 0
0.03581424336441394 0
0.035825638638528584 0
0.03583318093914291 0
0.035844018513162636 0
0.03585905123287528 0
0.03587908710789807 0
0.03589464313489334 0
0.03591119348694865 0
0.03592298195555033 0
0.03594245508096627 0
0.03598393475018442 0
0.03601010243283855 0
0.03603208573100871 0
0.03606183096338308 0
0.03609440592074448 0
0.03609854561190781 0
0.036104094267443286 0
0.036102642078293355 0
0.03609841544165993 0
0.03609392356325276 0
0.036084104366470235 0
0.03607276460548833 0
0.03605989723236729 0
0.03604471077869181 0
0.03602028270946019 0
0.03601738066902683 0
0.036020742415745204 0
0.03602451196854094 0
0.03602760021473307 0
0.03600172951651088 0
0.03600407865877217 0
0.03600324769850749 0
0.03602632083072877 0
0.03605381432364811 0
0.03608280253068167 0
0.03611323693547094 0
0.03614373944094933 0
0.03614964798971088 0
0.03615575904297339 0
0.03616509357003505 0
0.03617592881037037 0
0.03618835517483923 0
0.036201709936503824 0
0.03621513119643049 0
0.03623657998939472 0
0.036254226611076995 0
0.0362757710118822 0
0.036298292620744715 0
0.03632355285265681 0
0.03634838869374549 0
0.036374884185137214 0
0.03640299121173174 0
0.03643026566588361 0
0.0364323401701576 0
0.036438589679233836 0
0.03643782504684076 0
0.036433624122860844 0
0.036430655618716085 0
0.036425913953957445 0
0.036420245926129885 0
0.03641287961456463 0
0.03640431990312591 0
0.0363970512677878 0
0.03638497021660323 0
0.03642533603744114 0
0.03646144807692398 0
0.036475664844385865 0
0.036493448368180754 0
0.03651049541226953 0
0.03652532371406721 0
0.03654529878014194 0
0.03657050773280376 0
0.03658939056724406 0
0.036632873223344374 0
0.03665018083617975 0
0.03667054290734792 0
0.03669024980128749 0
0.03670837915237768 0
0.03672721316749115 0
0.036747461252301536 0
0.03676807757765634 0
0.036787865892665875 0
0.03680753890526959 0
0.036827951957390664 0
0.03684836403352406 0
0.03687110297757885 0
0.03689209667318707 0
0.03691427742065566 0
0.03693900548031783 0
0.03696696696012747 0
0.036992641313554425 0
0.03702280441348154 0
0.03705470765932655 0
0.03705888626229857 0
0.037068449894217065 0
0.03703889272928211 0
0.03702312860377933 0
0.03702753339055335 0
0.037037664377549635 0
0.03704208911566926 0
0.03704516109142174 0
0.03704485265490839 0
0.03704249143511271 0
0.03704227505735528 0
0.037041712626942766 0
0.03703289068091724 0
0.03699893647395684 0
0.03698214185605064 0
0.036972865957648114 0
0.03695619336248061 0
0.036938387256701614 0
0.03694582126983099 0
0.03694896882909079 0
0.036960014556492594 0
0.0369723375095686 0
0.03698802220474419 0
0.037010396986788374 0
0.037040361653564106 0
0.03707026052967033 0
0.03710499973802253 0
0.0371355089662739 0
0.03717327869437115 0
0.03718528734354259 0
0.037195293612113385 0
0.0372081056030551 0
0.037223132636861916 0
0.03720688000873671 0
0.03719162825692379 0
0.0371736341442441 0
0.03718175105123868 0
0.037190804864004175 0
0.03719622552797412 0
0.037206482839989743 0
0.037213320386816 0
0.03722104896848792 0
0.0372301235438512 0
0.037236582465753655 0
0.03724075721371775 0
0.037244631347684215 0
0.03724918021227058 0
0.03725070224077409 0
0.037250100040913246 0
0.037248399494203215 0
0.03724410922382291 0
0.037243484588512774 0
0.037240617419154416 0
0.037237292075181894 0
0.03723319072189129 0
0.03723001493461134 0
0.037252691017080716 0
0.03728333703149464 0
0.037282458228721366 0
0.03727835178269313 0
0.037275244640756613 0
0.03727454088833171 0
0.03727256937525971 0
0.03727152218049307 0
0.037279521899234766 0
0.03727478896512967 0
0.03727138424250509 0
0.03728512416390842 0
0.03728588457311491 0
0.03728271145792058 0
0.03728077738188151 0
0.03727826627611289 0
0.037273600842994296 0
0.037261192309726285 0
0.03723243314608057 0
0.0372024610798814 0
0.037173100204443275 0
0.03717242293734624 0
0.037171096293570426 0
0.037169438116150755 0
0.03717018717292595 0
0.037175502534715854 0
0.03718146946035382 0
0.037189155931719245 0
0.03719179839694304 0
0.03720248263954666 0
0.03721669824467081 0
0.03723111015263669 0
0.037246273844598964 0
0.03723315292138571 0
0.037219062593357714 0
0.03720214475277779 0
0.03718307242409532 0
0.03717616745937047 0
0.037146914497093696 0
0.037123615687793134 0
0.03712551907810832 0
0.03712694790571079 0
0.037155196195770755 0
0.0371787748126689 0
0.03720554057722405 0
0.03723884560451219 0
0.03726989776538569 0
0.037292986629226074 0
0.03732589956724962 0
0.037362121224023805 0
0.037396568833722 0
0.037433201535235314 0
0.03746810887294499 0
0.037502884715035274 0
0.03754579452843375 0
0.0375872037291707 0
0.03760604721801189 0
0.03762668968066766 0
0.037653509346501635 0
0.037691559235350336 0
0.03772050307322987 0
0.037749664201571935 0
0.03777704049965533 0
0.03780071320773069 0
0.03784668603719053 0
0.03787487494376116 0
0.03786579426553246 0
0.03787018729389615 0
0.03786544446862632 0
0.037881815622458404 0
0.03790716219649881 0
0.03792750038017925 0
0.03797310676159758 0
0.038025547036492136 0
0.0380808809801356 0
0.038135986699970516 0
0.03816350899647455 0
0.03818940301200243 0
0.03822116572562437 0
0.03824544006697463 0
0.03827329406517753 0
0.03829908814758972 0
0.03832191757126975 0
0.038345460987880574 0
0.038370889654580846 0
0.03839268298610644 0
0.038412282088006906 0
0.038432439184862 0
0.03845218493604617 0
0.03846963734208135 0
0.03848786390500392 0
0.03850134756230328 0
0.03851575184748509 0
0.038529717510781006 0
0.038543353228157634 0
0.03855564814224898 0
0.03856860374624283 0
0.03857641415560158 0
0.03861697001397686 0
0.03866182822816703 0
0.03870692659752434 0
0.03875126363341955 0
0.03879849721559263 0
0.038824108451935 0
0.038836609849536616 0
0.03886197118739118 0
0.03888577545778232 0
0.03889296403299027 0
0.03891414183057342 0
0.03893889556228611 0
0.03896238737718332 0
0.03898653892731488 0
0.03901355935319114 0
0.03904784011321414 0
0.039098334961872615 0
0.03915025912766731 0
0.03920230279781746 0
0.039225779590491124 0
0.03924980044358002 0
0.03927406369699295 0
0.039295677225470345 0
0.03931282935381479 0
0.03932905998631849 0
0.03934434633908093 0
0.03936422758338285 0
0.03937681695461435 0
0.03938451279333172 0
0.03939050076455012 0
0.03939461706751364 0
0.03942700022921693 0
0.03945857663557958 0
0.03949052137527688 0
0.03952265476389623 0
0.039543611567442204 0
0.039585712044728306 0
0.03962130894221953 0
0.039659025873565505 0
0.039669207005882494 0
0.0396824386644827 0
0.03969715923539494 0
0.03971497493439586 0
0.039728007966229155 0
0.03974504554832659 0
0.03977298945862373 0
0.03976736511963608 0
0.039762113917706184 0
0.0397551635323321 0
0.039745507109045494 0
0.03974163807263839 0
0.03974057255913604 0
0.03972978398825068 0
0.03971465659968305 0
0.039728246144931756 0
0.03974428996427548 0
0.03974994706888071 0
0.03975588997060714 0
0.03976587935286626 0
0.03977646145336124 0
0.03978881176146587 0
0.03982521647355302 0
0.03982598619797433 0
0.039850128351106816 0
0.03990310342318729 0
0.0399497320630163 0
0.040006367070512056 0
0.04006745940129746 0
0.04012331251039681 0
0.040185590513540204 0
0.04022187524850707 0
0.04023528022114999 0
0.04024049104252425 0
0.040249125418014065 0
0.040252443199638464 0
0.04025936609089109 0
0.04026246896716281 0
0.040267208872027935 0
0.04027225382316883 0
0.040280170900993555 0
0.0402838338751702 0
0.04028864699829764 0
0.040293018862017464 0
0.040326826816786794 0
0.040356305303348446 0
0.04038418456599268 0
0.040421942399993 0
0.040455355595284834 0
0.04048985434048201 0
0.0405215900134431 0
0.0405552066090195 0
0.0405850963025298 0
0.040624660195561255 0
0.04065601536780808 0
0.04068810530227133 0
0.04071967611985443 0
0.04072710021287057 0
0.04072814439868262 0
0.04072819346953741 0
0.04072662555751727 0
0.040726013158418325 0
0.040733949202724704 0
0.04075430271473629 0
0.04077466369883586 0
0.040796431898560304 0
0.04081522617691092 0
0.04083487236983204 0
0.04085284655933854 0
0.04087142007337938 0
0.040887029952195425 0
0.04090465719526924 0
0.0409194627155664 0
0.04093591727006676 0
0.04095483407907748 0
0.040968538721729196 0
0.04097939210295938 0
0.04099477892969243 0
0.04101049637655156 0
0.04102653785725409 0
0.04104351427735868 0
0.04106048343939983 0
0.0410498270885037 0
0.04103742025944542 0
0.041052309609058694 0
0.041065165726379374 0
0.04107853724271811 0
0.041089981206787765 0
0.041106188366593556 0
0.041118677499626374 0
0.04113008725816424 0
0.04113728483806153 0
0.041142987818807326 0
0.04115095297855823 0
0.0411568873355272 0
0.04115946728754467 0
0.041188467390930676 0
0.041192275519659205 0
0.041194329050808706 0
0.041193851938747576 0
0.0411926542736356 0
0.04118857867576037 0
0.041179942457341426 0
0.0411919113470975 0
0.04120760709707907 0
0.04122618119305067 0
0.04124650825956051 0
0.04129029064619387 0
0.0413379613107452 0
0.041359444373912146 0
0.04138501605035262 0
0.04140748374728854 0
0.041426284776300386 0
0.04146008124292962 0
0.041479332112230045 0
0.041498850854425104 0
0.04151821071385334 0
0.041547282355390534 0
0.0415399835059271 0
0.041543872898356704 0
0.041572032751227436 0
0.041579830492365244 0
0.04158457273022536 0
0.04158442958027428 0
0.04158100059952775 0
0.04155501301686829 0
0.04152195965794057 0
0.041494280938500994 0
0.041484847630653486 0
0.041477242434968274 0
0.04146793654226394 0
0.04148870160889251 0
0.04150625301110694 0
0.04152561259564236 0
0.04154834207743182 0
0.041568342031 0
0.04158618591934913 0
0.04157745952330157 0
0.04159442728548516 0
0.04160960749991978 0
0.041596826237436324 0
0.041585849893322105 0
0.041577445202776765 0
0.04155839098130748 0
0.04154361688864112 0
0.041526279768896564 0
0.04151046483749904 0
0.04149229378711424 0
0.04147755581366399 0
0.04144706682103961 0
0.041426879449936206 0
0.041400989552257995 0
0.04137629193138202 0
0.04137288894460072 0
0.041375254249571 0
0.041376866436527715 0
0.0413777429316339 0
0.04137437784796482 0
0.041385584874992457 0
0.04138573781420757 0
0.04138685664054794 0
0.04138524992715306 0
0.04138636851164132 0
0.04138377365993512 0
0.04138398819408279 0
0.04138490363178044 0
0.041382314377047945 0
0.041381933784537396 0
0.041375140829207534 0
0.04137699973675899 0
0.041382403184233474 0
0.04138345642517224 0
0.041387529778819654 0
0.04138494702405731 0
0.0413821689115193 0
0.0414063019863331 0
0.04140141919857215 0
0.04137009183017395 0
0.041362141509577934 0
0.04136218598861676 0
0.04133417206086996 0
0.041307178956680984 0
0.04128212728971115 0
0.04125909800923892 0
0.041242579494712085 0
0.04121911382494611 0
0.041196278723686815 0
0.04118042228226597 0
0.041163944727060565 0
0.041145618009897945 0
0.04112632007802527 0
0.04111265799995367 0
0.041093566075720976 0
0.04109674522576939 0
0.04110334179836139 0
0.04110876257723589 0
0.04110135324436523 0
0.041122847264515254 0
0.041129502771828336 0
0.041122301791836346 0
0.04110942957007256 0
0.04109472680460776 0
0.04107980827347146 0
0.041028248119866294 0
0.04098343572037563 0
0.04096696363019329 0
0.040945905732042674 0
0.040927651716266396 0
0.04090671924106474 0
0.04089184710388824 0
0.040874319304524856 0
0.04085125353040789 0
0.04082522151829424 0
0.04079068939389432 0
0.04076792644291155 0
0.04073903610600942 0
0.040680965533290314 0
0.04064652143758139 0
0.04060994256158484 0
0.040573747569786295 0
0.04056473064799009 0
0.040582613003127904 0
0.040591948222835524 0
0.040611226917332065 0
0.040627295248035246 0
0.04065212623279698 0
0.040672955137127174 0
0.040662264464928065 0
0.04065610159609853 0
0.04064963781481168 0
0.040640520066151355 0
0.04063057755981483 0
0.04062345978462783 0
0.04061893975713453 0
0.04058880276525865 0
0.04053945156405553 0
0.0405050346751443 0
0.04046564358384251 0
0.0404346118216772 0
0.040398191691017125 0
0.040360924307765715 0
0.04032337590396101 0
0.04028765397605997 0
0.04024765267357437 0
0.04020284550055229 0
0.04016421704824546 0
0.04011633211780413 0
0.04007654537913303 0
0.040057390033823456 0
0.04003636143280503 0
0.04001366600857972 0
0.03999702572279773 0
0.03998025768795285 0
0.039961989832899836 0
0.03994168783630006 0
0.03992446532825036 0
0.03990993132618467 0
0.03989312823610775 0
0.03988540306694458 0
0.03985393880188673 0
0.03981526065354642 0
0.03977754918683613 0
0.03974658137586353 0
0.039710485702158564 0
0.03968341989187193 0
0.039647304809718835 0
0.03963720650948751 0
0.039602340405427205 0
0.039568637004427136 0
0.03953810236955378 0
0.039505290264100996 0
0.03944295317964166 0
0.03940718413854396 0
0.03939725331773165 0
0.03939704866998931 0
0.03936213732654638 0
0.039329978008199803 0
0.03929859825339433 0
0.039256798239731605 0
0.03922172124335907 0
0.03917916612030559 0
0.03913411828637122 0
0.039092862360019326 0
0.039049445683271365 0
0.0390037525644884 0
0.03895783817133043 0
0.03891218314140036 0
0.038858010467101176 0
0.03881445488158251 0
0.0387668963858967 0
0.038727885935642276 0
0.03868446992328367 0
0.03863917510440867 0
0.038574548673975216 0
0.0385231539399655 0
0.03849246105674794 0
0.03844148532037958 0
0.0384059009126121 0
0.03837480553573036 0
0.038350590937213797 0
0.038318385593050286 0
0.03829221478547975 0
0.038256121823444275 0
0.038227189481422494 0
0.03820023645215355 0
0.038158654454336756 0
0.03814527354496501 0
0.03808718161929985 0
0.03804146713070158 0
0.037986944072027226 0
0.03792945791720394 0
0.0378561488909428 0
0.03780310849066312 0
0.03775025668294795 0
0.03770051645397935 0
0.03764314881184938 0
0.037567726697900705 0
0.03748715094005601 0
0.037410800693346374 0
0.037327216523195796 0
0.0372639426987483 0
0.03720101174757831 0
0.03714331240840239 0
0.03708955887871812 0
0.03703634237813064 0
0.03698665712722363 0
0.03693363326949775 0
0.036885062923304734 0
0.036829302893851175 0
0.03680526875045974 0
0.03677941471417421 0
0.03678415009935491 0
0.03677186181086526 0
0.03677142697208599 0
0.03676364686633476 0
0.03676087026496767 0
0.03676458033950181 0
0.03676984784969315 0
0.0367763287616299 0
0.03676296246869212 0
0.03675467268125078 0
0.036741806137137976 0
0.03673676197444281 0
0.036732168081743864 0
0.03669340560965164 0
0.0366696805350847 0
0.03664424884822915 0
0.0366175027883797 0
0.03658313983460585 0
0.036546762656717025 0
0.03651699245487865 0
0.03648716199195972 0
0.036456004195742416 0
0.03642798472280791 0
0.036389984599456415 0
0.03637478746562096 0
0.03636454100991714 0
0.036357014463472316 0
0.03634051629908568 0
0.03632990639138055 0
0.036326812553354286 0
0.03632097759142765 0
0.03627863222964267 0
0.03626961980576924 0
0.03626079274466365 0
0.03625163600090891 0
0.03624451729725725 0
0.03624137004599063 0
0.0362422366675186 0
0.03624178780058159 0
0.03623974778992027 0
0.03626947717051466 0
0.03629893229866999 0
0.036330824312392276 0
0.03637330665017345 0
0.03641091960576937 0
0.036418112028326406 0
0.03643833347038387 0
0.03645571273959959 0
0.03647080840154922 0
0.03648871190318012 0
0.03650928591341367 0
0.03653131333807118 0
0.036555523804708945 0
0.036573814638690895 0
0.03660080673393748 0
0.036615908772158284 0
0.03663641672712797 0
0.036669115003503755 0
0.036665988062600983 0
0.036680228932890364 0
0.03668799888500018 0
0.03670850724667926 0
0.03672718213469229 0
0.036722597132542535 0
0.036731433813062896 0
0.036727829069392086 0
0.03672810319515031 0
0.036748337792521256 0
0.03676245816429626 0
0.03677532304370022 0
0.03678170335634905 0
0.036776410488163915 0
0.03682207253152619 0
0.0368594678843722 0
0.036871795614324465 0
0.03688892944934376 0
0.03691214342697913 0
0.03692224082249384 0
0.03693255716639659 0
0.03693893035796228 0
0.03693977707656654 0
0.0369399687546169 0
0.036946696805471246 0
0.036963560544544825 0
0.03696679149333015 0
0.03695899889221664 0
0.03696843987443704 0
0.03697999500945381 0
0.03699345067099229 0
0.03703333183811394 0
0.03704268477728412 0
0.03705333870861983 0
0.037072080541129676 0
0.037081715844430194 0
0.03709748117695789 0
0.037119033963475066 0
0.037131188057956725 0
0.03715109643381209 0
0.0371679370972063 0
0.037186473486690026 0
0.03720800433663684 0
0.037196896156973296 0
0.037186831306391735 0
0.037177278775188366 0
0.037188442844019176 0
0.03720650222177419 0
0.03723015624685744 0
0.03725169414139564 0
0.03727760249357025 0
0.03730162129956844 0
0.037315599248835915 0
0.037333581886056566 0
0.037348220799546215 0
0.03736843332811994 0
0.03739424585166412 0
0.03741407335280622 0
0.03743380798609888 0
0.037452364640143655 0
0.03746979845602218 0
0.03748876993230548 0
0.03751102741215721 0
0.037535919113826484 0
0.037554964795688615 0
0.037583168450929176 0
0.03760497331925161 0
0.03761885625382071 0
0.03763628123480681 0
0.037661857400856355 0
0.037687175084537484 0
0.03771396308077255 0
0.037741825928315154 0
0.03777044459552541 0
0.0378007329797467 0
0.03783036475310203 0
0.03786549498952532 0
0.037897272085758146 0
0.03792984938279461 0
0.037932234690619904 0
0.03793171406139683 0
0.03792977946615107 0
0.03792350943293613 0
0.0379463890124394 0
0.037969314994315925 0
0.03799027200825001 0
0.03801457262130659 0
0.038039769655228865 0
0.0380623287024169 0
0.03808272370646468 0
0.03808108721272759 0
0.03807664138507825 0
0.03806990719416609 0
0.038062923341521795 0
0.03805750106161465 0
0.03805219835982545 0
0.0380752853567702 0
0.03808289267299437 0
0.03809603018294987 0
0.03811776825141215 0
0.038126620845664594 0
0.03815170104270747 0
0.03816817188921602 0
0.038195506456615555 0
0.038215981318101874 0
0.03823323135887295 0
0.03824791298526041 0
0.03826563504084935 0
0.03829066907182723 0
0.03829089522573268 0
0.03828247336462287 0
0.03826813381400781 0
0.03829268330644888 0
0.038306771715237255 0
0.03832825668336608 0
0.038343611328077044 0
0.03835648101990009 0
0.03837186274075541 0
0.038397600489911005 0
0.03841710436187769 0
0.03842820815319745 0
0.038440023389860425 0
0.03845261140520717 0
0.03846882806455199 0
0.038480365406454504 0
0.03849325839260893 0
0.038508435275586665 0
0.03849431466293826 0
0.03850875698140282 0
0.03853000668360174 0
0.038543858832890146 0
0.038569850752863365 0
0.03858822692676591 0
0.03860393928528947 0
0.03862203867039109 0
0.03863369638653583 0
0.03865015685456649 0
0.038637157004923636 0
0.038623635953471125 0
0.03863872351759039 0
0.038653551691773896 0
0.03866570473179636 0
0.03868320738509937 0
0.03869435832282742 0
0.038702823595055155 0
0.038713129124960804 0
0.03871466583889601 0
0.03872903027866232 0
0.03874247505539498 0
0.03875588247203715 0
0.03876727868993934 0
0.03878253519329148 0
0.03879714137605946 0
0.03880790478753632 0
0.03882247246016305 0
0.03883583401619081 0
0.03885059422259525 0
0.03886488489185203 0
0.038879289630966166 0
0.038892665508665956 0
0.03890742521555883 0
0.038919500901779584 0
0.038933889565319256 0
0.038949033598043 0
0.038962705366816015 0
0.03897595188825203 0
0.03898965605628324 0
0.038980026185201126 0
0.03897096354147119 0
0.03895518538135485 0
0.03893828362586298 0
0.03893180898830282 0
0.03891538150793556 0
0.03890025838696367 0
0.03885061606388773 0
0.03883313800478886 0
0.03882254161428201 0
0.038800894660857316 0
0.03877700799405585 0
0.03875165171391113 0
0.03871851862655383 0
0.03869607314006683 0
0.03867114034402138 0
0.03864552529163633 0
0.03861713529761128 0
0.03859006697442077 0
0.03858932922656042 0
0.038585944191490695 0
0.03858370667282293 0
0.03858189515606982 0
0.038579776838705636 0
0.03857873557619974 0
0.03857732546326278 0
0.038577317715974606 0
0.0385785927189142 0
0.03857719240458331 0
0.03857591574641731 0
0.03857670598524543 0
0.03858006011464348 0
0.038586430473010656 0
0.03859036344064426 0
0.03859451057280921 0
0.038598966069274564 0
0.038603091054678455 0
0.038606492487084976 0
0.038633911160697386 0
0.038639607350871956 0
0.0386478492325511 0
0.03864676749481637 0
0.038652177626250485 0
0.03865634278960797 0
0.0386602428210217 0
0.038669977139927945 0
0.03867860107385788 0
0.038688998745715866 0
0.038700560099030584 0
0.03871611666052147 0
0.038734468676009354 0
0.03874986267936733 0
0.03875575545881002 0
0.038737714131021894 0
0.03871917252613873 0
0.03870018143933352 0
0.03867534189166542 0
0.03867821891572891 0
0.03867544599976388 0
0.038676435565538354 0
0.03868155304025087 0
0.03868677375516154 0
0.038693081787655036 0
0.03869658334483047 0
0.038704050983963 0
0.038706426098645025 0
0.03870605272251371 0
0.03870188889803058 0
0.03869859547991682 0
0.038697260429157436 0
0.03870292064917317 0
0.038689086630058815 0
0.0386914783460612 0
0.03867987674075557 0
0.038675711480097345 0
0.03866321909902814 0
0.03865693680873057 0
0.03865111440099976 0
0.03864498261873481 0
0.038639059376749725 0
0.038632749119305344 0
0.03862728959827816 0
0.038598984844567995 0
0.038566110524087205 0
0.038532041648998636 0
0.03849795604243979 0
0.038488535767842655 0
0.03847834772741244 0
0.038467397775374605 0
0.03845565957098388 0
0.038447274371271316 0
0.038438701065123815 0
0.03843158209579654 0
0.038425805435683386 0
0.0384188678173538 0
0.03841375727301875 0
0.03843052991775824 0
0.038446908618876015 0
0.038469904856501085 0
0.03849346330718287 0
0.03850645158956738 0
0.03852733508631303 0
0.03854749663397317 0
0.03857246144653866 0
0.038592164119077406 0
0.03860529780923699 0
0.038629208738372244 0
0.038657899184314136 0
0.03868547964497027 0
0.03872104376592417 0
0.0387471794834487 0
0.038773069879054975 0
0.03879727550630779 0
0.03882396642660182 0
0.03885112661353376 0
0.03887588358556601 0
0.038878610552821734 0
0.03887929773742079 0
0.038878407103458794 0
0.03887821151474813 0
0.03887648298310348 0
0.0388760636612378 0
0.0388746912791102 0
0.038868966747633 0
0.038865388744936405 0
0.03886164488737087 0
0.038858495926982116 0
0.03885147198738491 0
0.038843285996102594 0
0.03883367932296293 0
0.038823305964250675 0
0.03881167552415095 0
0.03879693028174849 0
0.03878507919310228 0
0.038745073854741414 0
0.03873179362024797 0
0.03872013186161167 0
0.03870740432756409 0
0.03869994636337897 0
0.03869221984709801 0
0.03868387604501275 0
0.03867093632946934 0
0.0386599914271391 0
0.03864705723701294 0
0.03863439645723873 0
0.03861762106157966 0
0.03859329858084772 0
0.03857718731526423 0
0.03856338034245342 0
0.03855241532820449 0
0.038539245273572616 0
0.03855192637651564 0
0.03856893326774208 0
0.03855972419455682 0
0.03855423701071173 0
0.038544769269127054 0
0.03853279644292205 0
0.03852128006609069 0
0.03850918449769396 0
0.038500022261716546 0
0.038492672537933786 0
0.03848664126184524 0
0.038482069870298084 0
0.03848168724761723 0
0.03848122544576115 0
0.03847742996475573 0
0.038467610591053886 0
0.03847527013564867 0
0.038465360192672854 0
0.038469751785598826 0
0.03846578546951568 0
0.03846970712111622 0
0.038467749651237615 0
0.038464644295963545 0
0.0384611596841809 0
0.038458206126812985 0
0.03845481354565601 0
0.03845099153705667 0
0.038472889292681715 0
0.03849533461170495 0
0.03851889432515774 0
0.03854209431856466 0
0.03854078691500251 0
0.038540258248274374 0
0.03853934260284096 0
0.03853876360248191 0
0.038535966340753416 0
0.03853203564161024 0
0.038528132763086954 0
0.03852380200788719 0
0.03851931207235158 0
0.03851467083984639 0
0.03851039034459163 0
0.038506130721250385 0
0.03850242615761651 0
0.038498506009623935 0
0.038494428518864046 0
0.03848991844223189 0
0.03848557622486322 0
0.03848242860551118 0
0.03847793023540515 0
0.038473708451235156 0
0.038468921668394475 0
0.03846448426264686 0
0.03845971402876475 0
0.038454880730492254 0
0.03845022023971286 0
0.0384461550748882 0
0.0384437324359466 0
0.038440930093199766 0
0.03843698788101569 0
0.038432602606359376 0
0.03845454792980368 0
0.03845033311020079 0
0.038447242666097496 0
0.038443269539968676 0
0.0384396077680479 0
0.03843642856328941 0
0.038430830679812594 0
0.03842760197576732 0
0.038425587671973606 0
0.03842417219810144 0
0.03842221383166292 0
0.03842361786043932 0
0.038426303409421186 0
0.03842929159237982 0
0.03843382995332186 0
0.03843629674390353 0
0.03844427658723424 0
0.038415509889057266 0
0.038412293395552376 0
0.03840761275411697 0
0.03840036331022288 0
0.038394771543855837 0
0.038387028575900935 0
0.038384779501923705 0
0.038382072948693086 0
0.038377136053185545 0
0.03837177237916735 0
0.03836869671510222 0
0.0383639444761229 0
0.03836228533024567 0
0.038359981011671276 0
0.038383957339360696 0
0.03841455947273609 0
0.03842348599658187 0
0.03845842047309778 0
0.038472651636622904 0
0.03848727736444321 0
0.03847623606273458 0
0.03849165933232909 0
0.0384749694601192 0
0.03845669845311527 0
0.03843648725724555 0
0.03841388659080892 0
0.03838805592037293 0
0.0383585069337383 0
0.0383254939366681 0
0.038319730734400245 0
0.03831273938787252 0
0.038304664005187616 0
0.038297325143451945 0
0.038288809798940754 0
0.03828100665901818 0
0.03827283721739298 0
0.038265119600964626 0
0.03825734651102642 0
0.03825065477214282 0
0.038244544927191364 0
0.03823915786167226 0
0.03823516790809889 0
0.03823246389998245 0
0.038232627981405636 0
0.03823447454755686 0
0.03823930382568764 0
0.0382459352919459 0
0.03825541633622364 0
0.03826832349511894 0
0.03828298122394678 0
0.038299749086491613 0
0.03828747171119154 0
0.038274338758957784 0
0.03826232166495817 0
0.038251156267664885 0
0.03823812957473161 0
0.038223813384301294 0
0.03820712718536547 0
0.03818938798171641 0
0.03817385147075908 0
0.03815217976329714 0
0.03812922706076268 0
0.03810478059231173 0
0.03807844328751836 0
0.03805078219845837 0
0.03802039559753549 0
0.038014787343788436 0
0.03801248659808609 0
0.03800982076869804 0
0.03798100917716122 0
0.03795174428253828 0
0.03792421827181181 0
0.03789676788586576 0
0.037872645865585336 0
0.03787487418656912 0
0.03788019510249898 0
0.03788776795905032 0
0.03790125574931199 0
0.037914515050374624 0
0.03793025848652423 0
0.03794210416158381 0
0.03792846862293429 0
0.03791608215441691 0
0.03790515724842633 0
0.037894499049802695 0
0.03788405853124419 0
0.037865578439389876 0
0.037853685646199745 0
0.03783974122699083 0
0.03782551294085423 0
0.03780982883334853 0
0.037789019107391575 0
0.03776678372780826 0
0.037738356390059444 0
0.037712996603498576 0
0.037682693650273484 0
0.037690259841240574 0
0.03770189275960232 0
0.03771834374104774 0
0.03773905244739022 0
0.037728723660975516 0
0.03771594107093264 0
0.0377003714668023 0
0.03768556681066107 0
0.0376719734207292 0
0.037659933276128335 0
0.037644752734600904 0
0.037630657461541706 0
0.037615271540172454 0
0.037601035999087457 0
0.037559475143622505 0
0.03751324342348735 0
0.037492279202838985 0
0.037447652533871646 0
0.03742599252586879 0
0.03740677754113156 0
0.0374149476910286 0
0.03739651238717193 0
0.03741184593495736 0
0.03739895768646259 0
0.03738504907831755 0
0.037370339376828425 0
0.03735658207697826 0
0.037344002496998825 0
0.03733355771284473 0
0.03732429597077046 0
0.03731624554281327 0
0.03730939080730412 0
0.03730385193548127 0
0.03729807570783161 0
0.037292835903337075 0
0.03728462728484868 0
0.037280483612204346 0
0.03727511427217104 0
0.037269863542460875 0
0.03726429943015195 0
0.03725822027689903 0
0.03725252836046923 0
0.037247398497478865 0
0.037241338544099604 0
0.03723604341286359 0
0.037230815721046466 0
0.03722634919174592 0
0.03722159697150357 0
0.03721563209479388 0
0.037209213531185566 0
0.03717293127754726 0
0.03716443189900975 0
0.03715699448876444 0
0.03714981582595733 0
0.03714263778862822 0
0.03713613026076972 0
0.03713018558338762 0
0.03712447544516776 0
0.03711926373535007 0
0.037110032957231226 0
0.037106498953353786 0
0.03710304278725832 0
0.03709985810815927 0
0.037097065474871016 0
0.03709472842747375 0
0.03709360869363075 0
0.03709107035856573 0
0.037089020452282094 0
0.037082144880584283 0
0.037101734924002504 0
0.03713571774156262 0
0.037161107675855315 0
0.03719130211767135 0
0.037220290666883045 0
0.03722149878345097 0
0.03722042380977904 0
0.03720037900524416 0
0.0371613818019095 0
0.0371360589590624 0
0.03711518601406551 0
0.03709992139563265 0
0.037100575846955496 0
0.03710181718566175 0
0.037098688955380536 0
0.037092786608968344 0
0.03709084909695585 0
0.03709363222000464 0
0.03709004705748403 0
0.0370871943193492 0
0.03708192662420469 0
0.03707468160800644 0
0.03706884280998429 0
0.03706439387487248 0
0.03706189327369275 0
0.0370557272399527 0
0.03705261447265086 0
0.03704666432724684 0
0.03703845585762302 0
0.03703379174187806 0
0.03702759689671351 0
0.037057001781698753 0
0.03705636209884748 0
0.03705620021255871 0
0.037054563727954376 0
0.037053415444039305 0
0.03705115556780972 0
0.03704782384464668 0
0.037045695726376525 0
0.03704407151375546 0
0.03704239243292622 0
0.03704168037516824 0
0.03703949477144377 0
0.03703442172792515 0
0.03702759260522544 0
0.037021467334893025 0
0.03701351908792445 0
0.03700563717283685 0
0.03699727165887128 0
0.03698932670829067 0
0.03701207082502155 0
0.037037209873452805 0
0.03706316253448638 0
0.037060175559287756 0
0.03705535799183291 0
0.03705114563374289 0
0.03704715557456767 0
0.03704275743350471 0
0.037038127501355635 0
0.03703259198276584 0
0.03702865016426725 0
0.03702369909353989 0
0.03702277348548441 0
0.03701924125050928 0
0.037018012032902683 0
0.03701486065496195 0
0.03701243774281578 0
0.03701062456404664 0
0.03700809437962262 0
0.037003261053466706 0
0.03699755783792487 0
0.03698939150828697 0
0.03697904943153898 0
0.03696636766467458 0
0.036952717385282156 0
0.03693910246818814 0
0.03692554437818881 0
0.036941981091955955 0
0.03696257806493695 0
0.036984733999450126 0
0.0370088820427104 0
0.03703372808523831 0
0.037061025453457366 0
0.0370895538186719 0
0.03712018296940951 0
0.03712084364673963 0
0.037119750161922635 0
0.03711791919131168 0
0.03711500752787549 0
0.03711314765750749 0
0.037110907171652295 0
0.03710884228468752 0
0.037106206553591585 0
0.037105235340346314 0
0.03710307033617595 0
0.03710560860572175 0
0.03710773322309 0
0.037095883137021855 0
0.0370912633548841 0
0.03708096519067854 0
0.0370690178111907 0
0.03705874142486643 0
0.03704799705356009 0
0.037053658955521596 0
0.03707329330728846 0
0.037080170113445395 0
0.03708033756355883 0
0.037104388988164656 0
0.037138862592947054 0
0.03714749679557263 0
0.03716229357163641 0
0.03718150947136856 0
0.037202031093350206 0
0.0372282395958631 0
0.037255032094613505 0
0.037285632701680595 0
0.03732111099269356 0
0.03732558876544556 0
0.037329944438844985 0
0.03733174618042361 0
0.03733571837469369 0
0.03733761913539353 0
0.03733499946127578 0
0.03732994684667572 0
0.03732199362114201 0
0.037304803101375905 0
0.037286201931696385 0
0.03726285416458582 0
0.037272947493589295 0
0.037281798937422936 0
0.03729426770145831 0
0.03730651751061393 0
0.03732055982107101 0
0.037338455184656866 0
0.037359795929941396 0
0.03738001112758407 0
0.03740506009494471 0
0.03745977091005704 0
0.037516171037660154 0
0.037577430378997294 0
0.037609594296858326 0
0.037613876656027743 0
0.03761730530709847 0
0.037618093956897476 0
0.03761844636107878 0
0.03761693547652855 0
0.0376148886761412 0
0.03761183148183964 0
0.03760902394592407 0
0.03763516786363567 0
0.03766242972046933 0
0.037687613476900396 0
0.03771158708592764 0
0.03773449695509925 0
0.037755338394921685 0
0.03777434043493439 0
0.03779217623122394 0
0.03780961292920115 0
0.03782587992923537 0
0.03784081428213859 0
0.03785463013993882 0
0.037869751264831365 0
0.03788441262934402 0
0.037899584296518886 0
0.0379157611516956 0
0.037933420928293445 0
0.03795215613791795 0
0.03797282104843904 0
0.03799488743323559 0
0.038018389889750356 0
0.03804266344216097 0
0.038066594451686975 0
0.03809105287388385 0
0.0381150234750796 0
0.038138785402981684 0
0.03812918799365945 0
0.03811692988065617 0
0.03810241431764904 0
0.03808614806109262 0
0.038066720774376714 0
0.038046274454171185 0
0.03805482309714903 0
0.038065279795862335 0
0.03807489295179148 0
0.038084836146949276 0
0.03809291264922794 0
0.03810100111351635 0
0.03810863478874517 0
0.03811581578504025 0
0.038123373830250835 0
0.03813044304591264 0
0.03813779423440966 0
0.038145363648353595 0
0.03815191787338581 0
0.038158361244273735 0
0.03816513956136468 0
0.03817146279039307 0
0.03817762437908639 0
0.03818422371836506 0
0.03819173808427575 0
0.0382005483667573 0
0.03821075692485609 0
0.03822324585048935 0
0.03821236971197414 0
0.03820325089157379 0
0.03822013719761201 0
0.038237663059220564 0
0.03825509020624022 0
0.038240830829387264 0
0.038221760206939154 0
0.03820163859785004 0
0.03817778925094052 0
0.03814951101999446 0
0.03815546528946118 0
0.038160848818793745 0
0.038168363046031495 0
0.038171524062133054 0
0.03817776571702821 0
0.03818255916385879 0
0.03818723589274314 0
0.03819205263175995 0
0.038199557843777925 0
0.03820764365652012 0
0.03821859345638839 0
0.038230414678839655 0
0.03824804120186563 0
0.03826647448796123 0
0.03828603248227476 0
0.03827450026835235 0
0.03826056107850007 0
0.038242123613316574 0
0.03822372180709647 0
0.038203499126332696 0
0.038154184488697264 0
0.03810180844378851 0
0.03804487449381421 0
0.03801600697696972 0
0.03798606166568561 0
0.03797964566917088 0
0.03797196664493029 0
0.03796251834396179 0
0.03795160797903616 0
0.03794241974206999 0
0.03793484002854546 0
0.037931311360540315 0
0.03792844730437861 0
0.03792708380955072 0
0.03792811530789842 0
0.03793115506208142 0
0.03793677250368397 0
0.037915565606171896 0
0.03789424708607347 0
0.03787223288594357 0
0.037850354001567645 0
0.037829216797242944 0
0.037807933833491666 0
0.0377881744511816 0
0.03776760341523021 0
0.037747480227699186 0
0.03772630885993547 0
0.037704242922256034 0
0.03768114383525508 0
0.03765682492038006 0
0.037631146368646035 0
0.03760395401652514 0
0.03757501553550837 0
0.03754469829957076 0
0.037513890553585505 0
0.03748064911711611 0
0.03744719004171588 0
0.03741387230224251 0
0.0374140785547499 0
0.03741703078895122 0
0.037423313826917895 0
0.03743137705388679 0
0.03744370827485473 0
0.037457838321917535 0
0.03747498838460018 0
0.03749413195345358 0
0.03748307896576392 0
0.037471357847894946 0
0.03745985632468207 0
0.03744818593325479 0
0.03743682463035396 0
0.0374260502483872 0
0.03741517603733355 0
0.037405154190273834 0
0.037395606355162286 0
0.037385483480106736 0
0.03737619886643262 0
0.0373673862757496 0
0.037358601880302475 0
0.03735026112475674 0
0.03734155224263093 0
0.037332285899877395 0
0.037322359842623345 0
0.03731046246418594 0
0.037297337579325594 0
0.03728513480155458 0
0.0372993068942575 0
0.037288214512115975 0
0.03727821841283269 0
0.03726891062446103 0
0.037259594208455045 0
0.03728196107720487 0
0.037278132066476954 0
0.037271954605326646 0
0.037266302781394055 0
0.03726075229643911 0
0.03725261981887756 0
0.03724655265610643 0
0.03724065823228171 0
0.037237516489058396 0
0.0372313537207814 0
0.037228260963252546 0
0.03722528223112061 0
0.03722272119816801 0
0.03721952117437175 0
0.037219009216122874 0
0.037218429624670965 0
0.037217762671533886 0
0.03721961752897357 0
0.03722114333718686 0
0.0371977721768403 0
0.037203271892602766 0
0.037206796031457504 0
0.037210157811842816 0
0.03721359336678339 0
0.037241294429100257 0
0.03727043224587192 0
0.03727708922304041 0
0.03728379908564126 0
0.0372902877583425 0
0.03729697840430318 0
0.037277765040276786 0
0.03725852545718163 0
0.03726648099032789 0
0.03727638464877798 0
0.03728690828045091 0
0.03729825094986834 0
0.03730859250127056 0
0.03731979902496697 0
0.037331778001189336 0
0.03731230994399003 0
0.037289154282379874 0
0.037263323828783036 0
0.03726529403683952 0
0.03726958891106283 0
0.03727523843347166 0
0.037281490627211894 0
0.0372874422307109 0
0.03729317323244669 0
0.037298137712369756 0
0.037304082036596097 0
0.03730893277853651 0
0.037314422235390846 0
0.037318518652628495 0
0.03732281540996563 0
0.03732671139039371 0
0.03733066681668353 0
0.037336567617798515 0
0.03734468380268076 0
0.03735562137349775 0
0.03736834217695876 0
0.037384250723721583 0
0.03740137860623209 0
0.037419641877450754 0
0.0374387987823121 0
0.03742535785010071 0
0.037408344517068426 0
0.03738814086156897 0
0.03736537342910756 0
0.03734045038881377 0
0.03731335362353846 0
0.03728423241337453 0
0.03728563713082173 0
0.03728816110792412 0
0.037290988810142416 0
0.03729417938974074 0
0.03729770924852549 0
0.03730144813576614 0
0.037304684372785946 0
0.037307572977017076 0
0.03730982639673158 0
0.03731324003343124 0
0.037317768084910954 0
0.037324409687937765 0
0.03733387832722165 0
0.03734554059279889 0
0.03736005416062488 0
0.03737769086782913 0
0.037397621454140884 0
0.037420864551805884 0
0.03741772134397737 0
0.037409017381595605 0
0.037396314044630286 0
0.03740642232300301 0
0.03738822694214165 0
0.03736740480281805 0
0.03734342492792069 0
0.037315070309905135 0
0.03731580240587924 0
0.037319028877896274 0
0.037323677956114354 0
0.037324459288920316 0
0.037329268209780386 0
0.03733191491892126 0
0.037338925003207867 0
0.03735085106054912 0
0.03736492532398739 0
0.037383246814956125 0
0.03740598497671435 0
0.03739958533765615 0
0.03739283626631598 0
0.037381355258397704 0
0.03736577908190149 0
0.03734803969193612 0
0.03732345029848482 0
0.03729637895390605 0
0.03729263459127005 0
0.0372880615759548 0
0.03728521422980373 0
0.03728482581852311 0
0.03728739737021716 0
0.03727425071955065 0
0.037261048210032156 0
0.037274522877670184 0
0.037258641610628127 0
0.03724106209402686 0
0.03724901331101939 0
0.037233677843908686 0
0.03724465083754227 0
0.037227335491182074 0
0.03720845879118186 0
0.037186590207658465 0
0.03716082997104002 0
0.03713225053239207 0
0.03710081505027084 0
0.03706616921118718 0
0.03706186273325359 0
0.03706068132894673 0
0.03706430566851375 0
0.03707192044610608 0
0.03708205076117621 0
0.037095539969543734 0
0.03711296515385427 0
0.03713435809733594 0
0.037128588852306396 0
0.037121430987214044 0
0.037114029001135876 0
0.03710759738411171 0
0.03710230569814384 0
0.03709785659750755 0
0.0370937079205561 0
0.03709057624691248 0
0.03708747662432377 0
0.03708231469176016 0
0.03707573397043134 0
0.03706598145640827 0
0.03705361330368849 0
0.03703928868389924 0
0.037022624156993034 0
0.03700329464961118 0
0.036980856669950754 0
0.03699044870243104 0
0.037003843736547665 0
0.03702083295579552 0
0.037040609310786385 0
0.03706254085446444 0
0.037087787672001715 0
0.03711540530142994 0
0.03714631812365679 0
0.0371473415903156 0
0.037146800318717706 0
0.03714587500488373 0
0.03714427266433591 0
0.03714227634185648 0
0.03714146630439464 0
0.037140769165658886 0
0.037141004704820034 0
0.03714077381786153 0
0.037139687920592405 0
0.03713571886749183 0
0.03712905366526483 0
0.03712095562308141 0
0.03710963727975548 0
0.03709546454795102 0
0.037079517162665804 0
0.037060052172870145 0
0.037069586592007396 0
0.03708455969530903 0
0.03710175140133604 0
0.037098335261418106 0
0.03712463772027158 0
0.03715360104863159 0
0.03718596625802619 0
0.037189845006589936 0
0.03719067567454454 0
0.037185283736872715 0
0.03718192948994074 0
0.03718384324943941 0
0.03718245981225928 0
0.03718453498354768 0
0.0371795157784021 0
0.03716845446249317 0
0.037159921004822495 0
0.037141741630417446 0
0.03712434091835632 0
0.0371383797851221 0
0.03716233521684276 0
0.03719107004136869 0
0.037193896257347155 0
0.03719432167726302 0
0.03719087731408699 0
0.037187957154942254 0
0.03718392828473149 0
0.03717639906225401 0
0.03717386940940491 0
0.03717081890684308 0
0.03716238099486616 0
0.037146238025040246 0
0.03712953103733514 0
0.037112751737244404 0
0.03713349630903588 0
0.037158474525550156 0
0.03718882593412934 0
0.03721219538160515 0
0.03720879707649158 0
0.03720687225790861 0
0.0372044201500126 0
0.03720124941210543 0
0.037199121609374504 0
0.03719609791795257 0
0.03719343686174387 0
0.03719137756025152 0
0.03718690787752434 0
0.03718321865062404 0
0.03717560357060835 0
0.037165977746029304 0
0.03715535400311587 0
0.037144866747721654 0
0.03713421840262493 0
0.0371243667457094 0
0.03714518777460139 0
0.03717088518813918 0
0.037200391656135465 0
0.03720172120601332 0
0.037200474193303266 0
0.03719974863886566 0
0.0371987745586769 0
0.03719688251697802 0
0.03719564693249904 0
0.03719429266548727 0
0.03719327624673117 0
0.03719186997086126 0
0.03719141779696786 0
0.03719003336122015 0
0.03718895831642974 0
0.03718790602065807 0
0.03718677796316345 0
0.03718394883256103 0
0.03717910732288084 0
0.03717332001873132 0
0.037167751208231146 0
0.0371622592244448 0
0.03715643179883726 0
0.03715094176291553 0
0.0371454734447727 0
0.03717254710151787 0
0.03720457707656061 0
0.037206317856213415 0
0.03720739675463738 0
0.037207174045529645 0
0.037206403213418955 0
0.03720501691361838 0
0.037203411853123765 0
0.03720179942304694 0
0.037199731197180654 0
0.03719856782553676 0
0.037197161216966326 0
0.037195695280556815 0
0.03719435894736873 0
0.0371925027113762 0
0.03719070826801314 0
0.037189417052817586 0
0.037185936472343625 0
0.037181037232631046 0
0.03715216140112012 0
0.037147665218163844 0
0.03714262048189483 0
0.0371369786566097 0
0.037131633805000105 0
0.037160267326231546 0
0.03716021338572338 0
0.037165287952970645 0
0.037166903393911155 0
0.03716456455541606 0
0.03716408781979721 0
0.03716223690438598 0
0.03716214644461868 0
0.037162796742537314 0
0.03715539353548363 0
0.0371582835823895 0
0.03715695339667791 0
0.03715717499965604 0
0.03715269422692922 0
0.03715029212065513 0
0.037177992497694656 0
0.037212971791734446 0
0.03722058039478692 0
0.03722635425180637 0
0.0372330809906225 0
0.037243061841767795 0
0.03725047526156957 0
0.037256146527251385 0
0.03726492374920205 0
0.03727479237627963 0
0.037283858503421606 0
0.03728921833790755 0
0.03728697470459317 0
0.03728510638318152 0
0.037256902064799764 0
0.037264000141197566 0
0.03727428180564337 0
0.03728742968353627 0
0.03727245876719721 0
0.03728231328781006 0
0.03729043636836496 0
0.037297662019582775 0
0.03730526933889338 0
0.03731271185981848 0
0.03732055439293288 0
0.037326055372880154 0
0.037331157836090104 0
0.037334017471497734 0
0.03733482120003477 0
0.03733186757865043 0
0.03732570422485981 0
0.03731525213212922 0
0.03730315848505113 0
0.03729000777763351 0
0.03727597335033909 0
0.03729393393102801 0
0.03731547454734302 0
0.03734032699561579 0
0.03736767629755949 0
0.037398216426847104 0
0.03739714155737819 0
0.037395124511772015 0
0.03739183353030867 0
0.037389513880692414 0
0.03738525894594279 0
0.037382361499341564 0
0.03737865975526054 0
0.03737531849427428 0
0.03737266528125742 0
0.0373700866831221 0
0.037366811129548635 0
0.03736213790102395 0
0.037354286796760436 0
0.03734355374165954 0
0.037330023899770665 0
0.03731428783742601 0
0.03729733769556714 0
0.03728092238041188 0
0.03726428764558119 0
0.03728139301880451 0
0.03730247300976333 0
0.037327763890672515 0
0.03735583074088223 0
0.037357557275142415 0
0.037356927634220584 0
0.03735546274380219 0
0.03735360507707467 0
0.03735107467898358 0
0.03734882600417681 0
0.03734599076903737 0
0.03734364002466378 0
0.03734138843438495 0
0.0373383080194565 0
0.03733568782040899 0
0.0373325254506595 0
0.037327895020939805 0
0.03732061305314438 0
0.037309239072741106 0
0.03729454801377386 0
0.03728058138706089 0
0.03726754302856654 0
0.03725622057961881 0
0.037276327861666854 0
0.037300397683711704 0
0.037300766552577864 0
0.03730333616965836 0
0.03729978779792525 0
0.03729745549444896 0
0.037288600231271514 0
0.03728568832942911 0
0.03728732923375127 0
0.03728090337074429 0
0.03727623884409903 0
0.037267987887538725 0
0.03725542742242468 0
0.037239509928533726 0
0.03722626762066954 0
0.037213094426176645 0
0.03723555601147658 0
0.037263125656440556 0
0.03726022028868311 0
0.037257972541908234 0
0.03725391059364733 0
0.0372498193039426 0
0.03727220377308361 0
0.037292722044731386 0
0.03731527245691363 0
0.03733859891971943 0
0.03736283662158002 0
0.0373843203540935 0
0.037404557318389674 0
0.037424237666843094 0
0.037446093472616244 0
0.03746937726413333 0
0.03749846560458488 0
0.03750700634805934 0
0.03748512668490621 0
0.037462798721527975 0
0.037438705020781025 0
0.03741348324237959 0
0.037388271640028135 0
0.03738740642764811 0
0.03738652107977502 0
0.03738564455871347 0
0.037384388508226014 0
0.03738238356124441 0
0.03738164998958053 0
0.03738027272168687 0
0.0373787626922244 0
0.0373770931185674 0
0.03737507654342039 0
0.037371807644323095 0
0.0373707702852677 0
0.037370741639671495 0
0.03737152606301387 0
0.037364947884961086 0
0.03736669082240861 0
0.03736801121851879 0
0.03736971467060823 0
0.03736876733601283 0
0.037367743469102106 0
0.03736635491302235 0
0.037368338496428295 0
0.03736754553785818 0
0.037366770193450714 0
0.037365737198111856 0
0.037363807834847204 0
0.037360628918703974 0
0.03735662729752731 0
0.03735351563879213 0
0.037354350031091374 0
0.03735666434522661 0
0.037330877463144535 0
0.03730924338418298 0
0.03728782402917285 0
0.03727329408587414 0
0.03728100592246641 0
0.037263602617363355 0
0.037232518596638314 0
0.03722645634003363 0
0.03722024830159911 0
0.03721755418211521 0
0.03721576875303339 0
0.03718434400451881 0
0.03715507928227129 0
0.03712535015116658 0
0.037096151447154946 0
0.037064976544582795 0
0.03706431811160973 0
0.03705653832754438 0
0.03705166134863906 0
0.03704781792401769 0
0.037073152956959655 0
0.037099087473005055 0
0.03710113126851674 0
0.03710979243396961 0
0.037112844104476767 0
0.0371165008848441 0
0.03709285163716337 0
0.037061221444593374 0
0.03705395190921009 0
0.03704655970465381 0
0.03704318143927282 0
0.037036153573554366 0
0.037049125991273114 0
0.03706263081537802 0
0.037056055596948335 0
0.03705577933532633 0
0.0370538070849083 0
0.037051935966053655 0
0.03705693109932253 0
0.03706531216848677 0
0.03707338953677733 0
0.037081187981681224 0
0.03705433397939123 0
0.03702319669643765 0
0.03702318522210487 0
0.03702693180172312 0
0.037030424994373215 0
0.037032372959941114 0
0.03701045786517346 0
0.036988963557631746 0
0.03696491767898661 0
0.03694107278710558 0
0.03691834945049018 0
0.03689695411946739 0
0.03687806455465808 0
0.036859259721381515 0
0.03684012278967048 0
0.0368174207764276 0
0.03684549643278997 0
0.03684147480362506 0
0.03686783029280107 0
0.036894783314975796 0
0.0369230323038891 0
0.036952203045943 0
0.03698761515969042 0
0.03699260020420104 0
0.03699805584964271 0
0.03700550232567065 0
0.03701562703172405 0
0.037027556493171215 0
0.03703821535500033 0
0.03704889641929249 0
0.03705875239909859 0
0.0370686244673826 0
0.037073773019134684 0
0.037080816491637456 0
0.0370859115624201 0
0.03708852040460505 0
0.03708974540083756 0
0.037099256758283225 0
0.0371342703451881 0
0.03714028709848074 0
0.03714668777023845 0
0.03715415832960127 0
0.037161996711131275 0
0.03716856180121539 0
0.03717151954173223 0
0.03717684727800157 0
0.03718363225588599 0
0.03718456011582768 0
0.03718450443391631 0
0.03718862190048993 0
0.0372027570773116 0
0.037203587187393854 0
0.037227478846584866 0
0.03722437268215007 0
0.037248851047557915 0
0.03726676876288436 0
0.037257719790356365 0
0.037236919168684046 0
0.037191847523828175 0
0.03717149788933773 0
0.037163232848320814 0
0.03715902203165608 0
0.03715900477854684 0
0.03715869520394605 0
0.03715998850498803 0
0.0371596538012306 0
0.037181696155758434 0
0.03720093594128963 0
0.03722313223464625 0
0.03724791748610846 0
0.037242896877243685 0
0.037245530801487334 0
0.037245979835547983 0
0.03724641238743375 0
0.03724367473815375 0
0.037241456545200724 0
0.037262977205307524 0
0.03727373102044971 0
0.03728596207624942 0
0.03729308666966732 0
0.03730023642697402 0
0.037313397719434295 0
0.03732836980271053 0
0.03734765800658813 0
0.037370819552165736 0
0.0373991769020919 0
0.03741666600205525 0
0.03743285282920125 0
0.03747331710338015 0
0.03751428096392923 0
0.0375247585126025 0
0.037536010369347804 0
0.03754195210153851 0
0.03754384700258367 0
0.03754210454345721 0
0.037536417830214615 0
0.03756151293301133 0
0.03758712814682419 0
0.037612892786543124 0
0.03763613436490031 0
0.03766046840206332 0
0.03768825947566534 0
0.037738870276403595 0
0.03778835281776714 0
0.03781336048872768 0
0.037867568613818396 0
0.03792170266550828 0
0.037976368306200686 0
0.03803024026482821 0
0.03808340258896432 0
0.03813418657533171 0
0.03816078135048623 0
0.03813259974797757 0
0.03812869168589044 0
0.03812477034027916 0
0.03814540304705467 0
0.03816508526110342 0
0.03818413294613235 0
0.03819785731763495 0
0.03821606113004935 0
0.038233516389825806 0
0.03824867279944266 0
0.038260116930575995 0
0.03827010491417792 0
0.038279302675950144 0
0.03828795904473059 0
0.03829556898677563 0
0.03829998684482861 0
0.03830533799720406 0
0.03830494602273426 0
0.03830174464247347 0
0.03829729773151106 0
0.03829207668485771 0
0.03828476940282762 0
0.03827636401186402 0
0.038300573245304476 0
0.038327125125647336 0
0.038357677187475916 0
0.03839153540223989 0
0.038428175553136844 0
0.03843732140116687 0
0.03844401141312529 0
0.038447822805293935 0
0.038456878877034625 0
0.03846783508237688 0
0.038475105567412744 0
0.038473288639345224 0
0.03848441485450085 0
0.03846813178065222 0
0.03847677426933265 0
0.038483865203131296 0
0.0384905309303627 0
0.03852110308564891 0
0.038553052493792844 0
0.03858391398381721 0
0.03861242400110116 0
0.03863913491706062 0
0.038663814829781006 0
0.03868710471250025 0
0.03870852996972095 0
0.038730129834286586 0
0.038785298030063746 0
0.03881808550285944 0
0.0388561966880987 0
0.03889394243097296 0
0.03893358285544659 0
0.038974843738110464 0
0.039018259058479395 0
0.03903334472650307 0
0.03904512268176554 0
0.03905682577807278 0
0.0390674579827451 0
0.039077420256503556 0
0.039088620825671536 0
0.039073805745405234 0
0.03905778244565017 0
0.03906856238865816 0
0.03907853604941235 0
0.03908731352553668 0
0.03909318657124552 0
0.03909576867172502 0
0.039095252021576626 0
0.039092037058870696 0
0.03908559278953733 0
0.03907592990667241 0
0.03906533527717343 0
0.039087965292405165 0
0.039114887045494866 0
0.03914572596328754 0
0.039178239991956375 0
0.039210846623555194 0
0.03924687120620157 0
0.03929190393937156 0
0.03931162495908139 0
0.03934295698751189 0
0.03937742588756583 0
0.03940098632148813 0
0.03940796064038468 0
0.03938999436243559 0
0.03937410127073912 0
0.03936853734958881 0
0.03933316455493485 0
0.03929752005945968 0
0.03925570662460482 0
0.03920840491951183 0
0.039155875513852335 0
0.03910191441462854 0
0.03906060616508758 0
0.039046387647580505 0
0.03903381525592268 0
0.03902176748399275 0
0.03900988065516024 0
0.039000748289307205 0
0.03899328071938259 0
0.038988763879492336 0
0.03898794744656087 0
0.03899115951761024 0
0.0389982831873319 0
0.039008859806010966 0
0.03902004962575695 0
0.039036067293003185 0
0.03902235285848605 0
0.039007718316204365 0
0.038992650353977296 0
0.03897753147105751 0
0.03896242749535584 0
0.03894724024704693 0
0.03893024878845386 0
0.03891180403005474 0
0.038891865239671905 0
0.038868662765964214 0
0.038844046166629 0
0.038817186307776586 0
0.038785674132442 0
0.03875212246109461 0
0.03871592206470166 0
0.03870756980889729 0
0.03870047993041672 0
0.03869594182655565 0
0.03869402355283421 0
0.038694587282287564 0
0.03869897189016056 0
0.03870592140700286 0
0.03871478617736397 0
0.03872650372050275 0
0.03874019363562547 0
0.038756187604806557 0
0.03874078098604624 0
0.03872441582403001 0
0.03870777972190443 0
0.03869118352042035 0
0.03867399452854159 0
0.038656778352943455 0
0.038639413233584684 0
0.038622269895090586 0
0.03860318599102802 0
0.03858226731339713 0
0.03855954854555058 0
0.03853408486203461 0
0.038506325888406134 0
0.03847548089895994 0
0.038445769231223954 0
0.0384074606223772 0
0.038367742413194204 0
0.038356798973942376 0
0.03834877704784372 0
0.038340799540205736 0
0.038334039176583165 0
0.03833315934270708 0
0.03833211581279803 0
0.03835922948469199 0
0.03838788637367329 0
0.038418600500389144 0
0.03845254234745857 0
0.03849077214233911 0
0.038531370804540166 0
0.03857764109858548 0
0.03856580103230915 0
0.03855321686537929 0
0.03854015335950347 0
0.038524680729947934 0
0.03850798912852866 0
0.03848809090044675 0
0.038463340033686136 0
0.03843397314308199 0
0.03840305456808394 0
0.03837138923599909 0
0.03833747394647897 0
0.038291652401086514 0
0.03827388653848705 0
0.03824008693408405 0
0.03820252208184918 0
0.038175898899098976 0
0.03816500611925817 0
0.038149432730082304 0
0.0381455993745719 0
0.03815485992417101 0
0.03816554432793866 0
0.03818464670658349 0
0.0382031416981974 0
0.03822094739989965 0
0.038223507449709426 0
0.038214153847555055 0
0.03821598334928552 0
0.03821670466330936 0
0.03824474845951646 0
0.03827253062309072 0
0.038275616987823946 0
0.038277626016720516 0
0.03827944249374112 0
0.03827882655873448 0
0.03827528738256253 0
0.038268792165748085 0
0.03825854243618998 0
0.03824604672829157 0
0.03823229257405888 0
0.03821326892111183 0
0.03822571166313253 0
0.03823908260163203 0
0.03825363134907785 0
0.038268648176307464 0
0.03828365864529686 0
0.03829960012887258 0
0.03831620212468973 0
0.038331844933546015 0
0.03834800808794152 0
0.03836796034793083 0
0.038387341075942445 0
0.0384085589102395 0
0.03843276716342377 0
0.03845781294969072 0
0.038484549399125156 0
0.03851437515020215 0
0.038546561476555385 0
0.03857836452202455 0
0.03861000590526099 0
0.0386408880656755 0
0.03866966792099932 0
0.038696788187523076 0
0.03869102541662378 0
0.03868101792993677 0
0.03866760661203616 0
0.038624981981640424 0
0.03863865028247887 0
0.0386525807901316 0
0.03866660964286336 0
0.03868028002683858 0
0.038694462323837386 0
0.0387087877687427 0
0.03872299088214256 0
0.03873673779828702 0
0.038751875292528944 0
0.03876668204190801 0
0.03878173732577328 0
0.03879759507598744 0
0.038813271897139005 0
0.038829718155335646 0
0.038842617506078314 0
0.03886232849255825 0
0.03887999305760418 0
0.03889630674133643 0
0.038912269730355074 0
0.038927978654628694 0
0.038942031644050974 0
0.03895155147524521 0
0.03893104335370256 0
0.03891286365856459 0
0.03889535405272234 0
0.038876090922179626 0
0.03885719339865288 0
0.03883409063790446 0
0.03880966868749401 0
0.03878324825297087 0
0.03881631462548437 0
0.03885133368756669 0
0.03885707386493412 0
0.038860932697043465 0
0.038862843592542565 0
0.03886476371423654 0
0.03886607613526479 0
0.03886498428960513 0
0.03886318369972818 0
0.038860311771018105 0
0.03885270854549839 0
0.038846314595266815 0
0.03883878533354601 0
0.038832549318630685 0
0.03882683366909081 0
0.038821190358864464 0
0.038812413543863 0
0.03880957711034828 0
0.03879466911442349 0
0.038781744050213264 0
0.03877099128640364 0
0.03875293148306737 0
0.0387718722303852 0
0.03878921904946631 0
0.03882196879778021 0
0.038843916160636455 0
0.03886341362983624 0
0.0388843125878607 0
0.038878434469346475 0
0.03887561063175336 0
0.038869518514672616 0
0.03886357407513531 0
0.038858407232309364 0
0.03885229920947502 0
0.038847466013872324 0
0.038841559188199704 0
0.0388362724421795 0
0.03883126953713101 0
0.03882755885528913 0
0.03882484823559858 0
0.03882129861719981 0
0.038818880470029446 0
0.03881619602310151 0
0.03881406244074737 0
0.03881147341680384 0
0.03880886731426415 0
0.03880449229697817 0
0.038803452277884135 0
0.038800465730714495 0
0.038794393429070845 0
0.03878642675422388 0
0.03877779464067351 0
0.03876985938766838 0
0.038762702562452546 0
0.03875711136505057 0
0.03875434255848484 0
0.038748153354053586 0
0.03874076676548449 0
0.03873083158261868 0
0.03872055100243283 0
0.03871029236258764 0
0.03869974640553055 0
0.03872114083480317 0
0.03874496935118497 0
0.03874489388423739 0
0.038770675270196064 0
0.038770443824526546 0
0.038769999070055274 0
0.03877000245952885 0
0.038769749457862414 0
0.038769577922122433 0
0.03876918500693225 0
0.03876918982073511 0
0.03876907090422551 0
0.038768338268624594 0
0.038767743926459104 0
0.03876654167775535 0
0.03876454428578293 0
0.038762666079037514 0
0.03876003789554062 0
0.038757779728221115 0
0.038754544158256965 0
0.03875219010691471 0
0.038749561026631046 0
0.03874601300348251 0
0.038743149624576756 0
0.03874063384755667 0
0.03871144821097903 0
0.03871137333729004 0
0.0387060140942404 0
0.038699376028855925 0
0.038691636967577936 0
0.038681172421185205 0
0.038670190680464636 0
0.038661407168071794 0
0.03864913916723783 0
0.0386375293325528 0
0.03862566232935039 0
0.03864434717698938 0
0.0386697330959373 0
0.03869796987895855 0
0.038728683508526755 0
0.038764256471743336 0
0.03880431509114255 0
0.038846962599658974 0
0.038858170889394625 0
0.03887267822136918 0
0.03888819930828909 0
0.03890101615849293 0
0.03891832385547431 0
0.03893591117097096 0
0.03895068754063601 0
0.03896722258588311 0
0.03898249552045867 0
0.03899342986163898 0
0.03900180487447323 0
0.03900749357767652 0
0.03900751343530304 0
0.03897400100404188 0
0.03894172638429858 0
0.038911292813648926 0
0.038928126981123044 0
0.038946972829717826 0
0.03896314849923095 0
0.03898229113807273 0
0.03899861551203527 0
0.03901993949968086 0
0.039041306668612386 0
0.03906356600875221 0
0.039085968738482475 0
0.03910856591434936 0
0.03913257800448156 0
0.03915770590547235 0
0.03918533098786949 0
0.03921425750098589 0
0.03924232990326885 0
0.039274181702549406 0
0.039306614806475425 0
0.0393409356220576 0
0.03937694415857154 0
0.039415664433495326 0
0.03945543198674526 0
0.039498109687127185 0
0.03951117224556087 0
0.039523858781342056 0
0.039535763566988846 0
0.03954907905003606 0
0.03956125103726223 0
0.039570926745879254 0
0.03957826198543587 0
0.039582572498748074 0
0.039580228413386695 0
0.03958029352089885 0
0.03958083675097455 0
0.03958234351963208 0
0.039582357928881574 0
0.0395816527899522 0
0.03957949968730703 0
0.039575638140962176 0
0.039571010541243734 0
0.03959133762001148 0
0.03961235631573809 0
0.03963406334538324 0
0.03965624087023453 0
0.039678680044719174 0
0.03970147282575017 0
0.039724102132754395 0
0.03974669107893358 0
0.03976909875310465 0
0.039791883422538504 0
0.0398144787252384 0
0.039837080365718404 0
0.0398594284737682 0
0.03988216966926894 0
0.03990467733276929 0
0.03992681448258029 0
0.03994893299400042 0
0.03997085405934144 0
0.039992610204323514 0
0.04001454119074361 0
0.040036660065047296 0
0.04005834127773566 0
0.04008001299634658 0
0.040125149553138194 0
0.040148008959487336 0
0.04017098544041855 0
0.04019252577877397 0
0.0402135856933943 0
0.040234806615886916 0
0.04025647466973784 0
0.040276686244364666 0
0.04029813932149754 0
0.04031621934752535 0
0.04033361273172453 0
0.04035456386644792 0
0.04037369673267625 0
0.04039129897845369 0
0.04037893758350616 0
0.040357442685110045 0
0.040331401852530396 0
0.04029984800072538 0
0.040301002317936145 0
0.04030096002987067 0
0.04029881753069916 0
0.0402982646074747 0
0.04029513998874336 0
0.040287829681028973 0
0.04028435965958471 0
0.04027807170740571 0
0.04027259489779559 0
0.040267022275603706 0
0.040262725463797666 0
0.04025390887045033 0
0.04024774638346592 0
0.040245770444929795 0
0.04024161091090678 0
0.04026434254064552 0
0.04026144762147598 0
0.040259581177678916 0
0.04026358029672259 0
0.04026618411040426 0
0.04027258306327872 0
0.040283059105301666 0
0.04029206402419432 0
0.0402984914748738 0
0.040306634310226894 0
0.04031572339847129 0
0.04032733276617197 0
0.04033760325404486 0
0.0403465678095516 0
0.04035607947190219 0
0.040335465010453396 0
0.040306848387874315 0
0.040280690032932165 0
0.040253765960021816 0
0.04022973250799433 0
0.04019940676233702 0
0.04016754894292667 0
0.04013368758952285 0
0.04012853574939059 0
0.040122604225074965 0
0.04012041960285793 0
0.04011804994689205 0
0.04011461336799343 0
0.040111766936774484 0
0.04010890260260561 0
0.04010535136275727 0
0.04010382117028544 0
0.040101460109805566 0
0.04009680980224977 0
0.04009371244007119 0
0.04008917307068394 0
0.04008602143131341 0
0.04008364616675556 0
0.040080712433740145 0
0.040077834274507625 0
0.04007368800683991 0
0.04007073909382528 0
0.040066668592390796 0
0.040062831657851676 0
0.04005992485995627 0
0.04005590532234719 0
0.04005294151878627 0
0.040055251066182004 0
0.04004699205823601 0
0.04004272375987596 0
0.04004052748240941 0
0.04004124247950266 0
0.04004233225052305 0
0.04004608096102191 0
0.04005019457844585 0
0.040055710285004875 0
0.04003752528630581 0
0.04001977511234086 0
0.04000088297802383 0
0.03999005263762618 0
0.0399730599798826 0
0.0399602904204003 0
0.039947483141454354 0
0.03993778705249338 0
0.039921955336492704 0
0.039903654783707034 0
0.039883371239402436 0
0.03986574386518308 0
0.039847426181277186 0
0.039827758990364205 0
0.03979954602121797 0
0.03977159199331347 0
0.03973652285818457 0
0.039708085272865616 0
0.039672238502259635 0
0.03963311054481259 0
0.03959444637021786 0
0.03958054014206976 0
0.03957205242944885 0
0.039564388963247384 0
0.03956163099192911 0
0.03955368958169553 0
0.03955609970331319 0
0.03955681275730981 0
0.03955798719942355 0
0.03956975693341904 0
0.03958098495715739 0
0.03960463626047628 0
0.0396226198817389 0
0.03963976049094589 0
0.039632499877114175 0
0.03964682072483528 0
0.039665672060839416 0
0.03968468578479795 0
0.03970356520767505 0
0.039715638600977786 0
0.039709433513665515 0
0.039704269593773836 0
0.03969966255571156 0
0.03969280184591495 0
0.03967991337943697 0
0.03966831976149371 0
0.03965323940328157 0
0.039642352576661204 0
0.03962199123040244 0
0.0396096155246346 0
0.039586624834056415 0
0.03955797357650954 0
0.03952966440499842 0
0.039498239169231994 0
0.039465306855120466 0
0.03946850465812214 0
0.039475200908318145 0
0.03947555385731463 0
0.03947942656113956 0
0.0394805321729938 0
0.03948943001563273 0
0.03949873942331924 0
0.039511224530904776 0
0.03952248419327589 0
0.03953780139456885 0
0.03955354812896641 0
0.039570897818053126 0
0.039561084338064996 0
0.03954973633192185 0
0.039536022863879174 0
0.03952379817301848 0
0.039510361139968656 0
0.03949721462248889 0
0.03948600134414154 0
0.03947333860997135 0
0.03946215569388653 0
0.03944897786622658 0
0.039435246827810314 0
0.03942312702540792 0
0.03941060633088696 0
0.03939942436130437 0
0.03938754528275342 0
0.03937707407872841 0
0.03936708261185596 0
0.039356428593792354 0
0.03934707587177907 0
0.03933677728619213 0
0.0393223643802996 0
0.0393181154237623 0
0.03931068465391301 0
0.03930298600323081 0
0.03929028571501544 0
0.039277362500942846 0
0.039262208223675266 0
0.03925018510558862 0
0.039234580458898535 0
0.039243210830489185 0
0.03925285148158094 0
0.039269744965130464 0
0.03927701998771295 0
0.03926581675170944 0
0.03924826159576093 0
0.03923891608649473 0
0.03922864821536757 0
0.03924659831059938 0
0.03927005355879976 0
0.03930023721171646 0
0.039299065785998184 0
0.03930463687021387 0
0.03930435387055116 0
0.039307613917155204 0
0.03930936349319405 0
0.039315287258692204 0
0.03931471007893946 0
0.03931607900789884 0
0.0393204288428278 0
0.039323179946943475 0
0.03932598701483412 0
0.03932826512918112 0
0.03933019212230042 0
0.039327838636178 0
0.039329806626888016 0
0.03932069863875509 0
0.03931190356702276 0
0.03931142145557864 0
0.03930459953290158 0
0.0393020741001163 0
0.03928969057905047 0
0.039286645579809175 0
0.0392860155665494 0
0.039278252379282216 0
0.039249279781420884 0
0.039221536421325975 0
0.039190457598467704 0
0.039177021562412505 0
0.03917428073339812 0
0.03916801686672112 0
0.03915738094320422 0
0.039147601939900106 0
0.03912761465192569 0
0.03912648890466293 0
0.03911891268909366 0
0.03910958358796387 0
0.03909607400164322 0
0.03909150346721139 0
0.03907710070685649 0
0.039071238676583915 0
0.03906806723903793 0
0.03906576163000755 0
0.039067126400456974 0
0.03906932736293354 0
0.03906936241562768 0
0.03907200771395564 0
0.03908012981829598 0
0.03908640788843362 0
0.03909281963253976 0
0.039099570729385684 0
0.03910867850306918 0
0.03911729524384385 0
0.0391268117618561 0
0.03914007907027561 0
0.03911766478688853 0
0.03909435454913209 0
0.03909861114517054 0
0.039104976132818214 0
0.03911359841702162 0
0.039121755994358694 0
0.03912983962822744 0
0.03913879831158871 0
0.039148182390593485 0
0.03915810450835167 0
0.03916529331848125 0
0.03917408478618285 0
0.03918310226787787 0
0.03919214878714482 0
0.03920287699036507 0
0.0392112129542423 0
0.03921545443973771 0
0.039222095060362686 0
0.03922869792747528 0
0.039232451655211026 0
0.039241748509378886 0
0.039252455119612804 0
0.03926268276766376 0
0.039269767919820425 0
0.03924986739294117 0
0.03923293021491047 0
0.03921285391258367 0
0.03919731061168687 0
0.039185524005279124 0
0.0391695249036591 0
0.03915586647337538 0
0.03914314393290991 0
0.03913009623748274 0
0.0391129758877386 0
0.03910092348162928 0
0.039118062662476506 0
0.03910039675818918 0
0.039075773343352334 0
0.03905201566211263 0
0.03903113010516776 0
0.03900384409453345 0
0.0389734586250288 0
0.03897172801274818 0
0.038962706443559376 0
0.03895907388036528 0
0.03895782666177348 0
0.03895945977756545 0
0.03896584130478006 0
0.038965945313171164 0
0.038982454947505706 0
0.03898704382176737 0
0.038993879120572034 0
0.03900246366778557 0
0.039017841306639704 0
0.039030246996225336 0
0.039045981852531296 0
0.03906808453059456 0
0.039091484885129466 0
0.039119156463410965 0
0.039146490992492754 0
0.03916855842779757 0
0.039197483567722236 0
0.03922387905026701 0
0.039222081528447986 0
0.03922173683003829 0
0.03924740450834414 0
0.03927269761581912 0
0.03929446963928792 0
0.039318583046199444 0
0.039314793551157357 0
0.03930904070339199 0
0.03929768167007451 0
0.03927890989505444 0
0.039270505143084944 0
0.03926379528316435 0
0.03923788781379873 0
0.03921268444922437 0
0.03919160066966885 0
0.0391696862882106 0
0.039152183586995425 0
0.03913773290080038 0
0.03915482236527121 0
0.039170599207951 0
0.03918548474040486 0
0.03920218035282445 0
0.039218274889281216 0
0.039233489761331855 0
0.039216507984158454 0
0.039197265043183674 0
0.039172961050185286 0
0.03914929016089302 0
0.03911795087118592 0
0.039081123472953755 0
0.039046931953844836 0
0.039004054055024516 0
0.0389587113657974 0
0.0389525925298205 0
0.03894388466653497 0
0.03893344228909624 0
0.03892523170760153 0
0.038918055693253614 0
0.038908231140954964 0
0.0388994670481161 0
0.0388898460466469 0
0.038879752789600215 0
0.038869638958514474 0
0.038862271911141236 0
0.038853844645814845 0
0.038846741685141344 0
0.038841372157351034 0
0.03883604167358961 0
0.03883691704796349 0
0.03884318263558309 0
0.03884911178946067 0
0.038856936767940685 0
0.03886975278945836 0
0.038879298366804156 0
0.03888945765252037 0
0.03890164686914364 0
0.038919700923856444 0
0.03893471941367497 0
0.03894482065126838 0
0.03896069896191567 0
0.038971675522116056 0
0.03898049257692382 0
0.038989458987133956 0
0.03899816184952051 0
0.03900566326007723 0
0.03901377787010796 0
0.039018735425160565 0
0.03902036623483809 0
0.0390173872452721 0
0.03905189356823357 0
0.03908566676682059 0
0.03909215139029271 0
0.039094632990658726 0
0.039102806118324264 0
0.03910943827079311 0
0.03911612421855507 0
0.03912267903341712 0
0.039127619430222506 0
0.03913141527849962 0
0.03913464425556181 0
0.03914013622885183 0
0.039155840361395536 0
0.039159010461996345 0
0.03917543291077558 0
0.03919136107637885 0
0.03917806090491951 0
0.039157453197211034 0
0.039138617552479237 0
0.03911586127931448 0
0.039085747550506415 0
0.039055475363254766 0
0.039019813815699515 0
0.03897987813494984 0
0.038941105937402506 0
0.038893098156730366 0
0.038842498942380344 0
0.03881759021739546 0
0.03883594151510181 0
0.03886210297527626 0
0.0388895187719167 0
0.03891927276610076 0
0.03895039059509519 0
0.038989236079459484 0
0.03903033306998036 0
0.039072116160363234 0
0.039125373274874704 0
0.03916414646698117 0
0.03920957457459417 0
0.03926226044079087 0
0.03931642730217927 0
0.039365675230857246 0
0.03941617111521605 0
0.039461582459844054 0
0.03950290347321958 0
0.03950463199904179 0
0.039505485278802974 0
0.0395038214534924 0
0.039494771929712534 0
0.03948201503666763 0
0.03946348303132535 0
0.03948250034971636 0
0.03949902760722069 0
0.03951703363536238 0
0.03952973478536085 0
0.03954688022456933 0
0.03956574070041166 0
0.03957678325043268 0
0.03959717916930889 0
0.039611549362649406 0
0.039614437555050994 0
0.03961928877629253 0
0.03962575459489232 0
0.039625731426340266 0
0.03962301783665102 0
0.03962229746155164 0
0.03961848867695859 0
0.03961306163595535 0
0.039605788927315005 0
0.03959509793810091 0
0.039582892105046445 0
0.03956742044354285 0
0.0395475797917683 0
0.039521161032180945 0
0.03948856845604074 0
